s,e
2010-02-04',2010-08-05'
2010-02-04',2010-08-05'
2010-02-04',2010-08-05'
2010-02-04',2010-08-05'
2010-02-04',2010-08-05'
2010-02-04',2010-08-05'
2010-02-04',2010-08-05'
2010-02-04',2010-08-05'
2010-02-04',2010-08-05'
2010-02-04',2010-08-05'
2010-02-04',2010-08-05'
2010-02-04',2010-08-05'
2010-02-04',2010-08-05'
2010-02-04',2010-08-05'
2010-02-04',2010-08-05'
2010-02-04',2010-08-05'
2010-02-04',2010-08-05'
2010-02-04',2010-08-05'
2010-02-04',2010-08-05'
2010-02-04',2010-08-05'
2010-02-04',2010-08-05'
2010-02-04',2010-08-05'
2010-02-04',2010-08-05'
2010-02-04',2010-08-05'
2010-02-04',2010-08-05'
2010-02-04',2010-08-05'
2010-02-04',2010-08-05'
2010-02-04',2010-08-05'
2010-02-04',2010-08-05'
2010-02-04',2010-08-05'
2010-02-04',2010-08-05'
2010-02-04',2010-08-05'
2010-02-04',2010-08-05'
2010-02-04',2010-08-05'
2010-02-04',2010-08-05'
2010-02-04',2010-08-05'
2010-02-04',2010-08-05'
2010-02-04',2010-08-05'
2010-02-04',2010-08-05'
2010-02-04',2010-08-05'
2010-02-04',2010-08-05'
2010-02-04',2010-08-05'
2010-02-04',2010-08-05'
2010-02-04',2010-08-05'
2010-02-04',2010-08-05'
2010-02-04',2010-08-05'
2010-02-04',2010-08-05'
2010-02-04',2010-08-05'
2010-02-04',2010-08-05'
2010-02-04',2010-08-05'
2010-02-04',2010-08-05'
2010-02-04',2010-08-05'
2010-02-04',2010-08-05'
2010-02-04',2010-08-05'
2010-02-04',2010-08-05'
2010-02-04',2010-08-05'
2010-02-04',2010-08-05'
2010-02-04',2010-08-05'
2010-02-04',2010-08-05'
2010-02-04',2010-08-05'
2010-02-04',2010-08-05'
2010-02-04',2010-08-05'
2010-02-04',2010-08-05'
2010-02-04',2010-08-05'
2010-02-04',2010-08-05'
2010-02-04',2010-08-05'
2010-02-04',2010-08-05'
2010-02-04',2010-08-05'
2010-02-04',2010-08-05'
2010-02-04',2010-08-05'
2010-02-04',2010-08-05'
2010-02-04',2010-08-05'
2010-02-04',2010-08-05'
2010-02-04',2010-08-05'
2010-02-04',2010-08-05'
2010-02-04',2010-08-05'
2010-02-04',2010-08-05'
2010-02-04',2010-08-05'
2010-02-04',2010-08-05'
2010-02-04',2010-08-05'
2010-02-04',2010-08-05'
2010-02-04',2010-08-05'
2010-02-04',2010-08-05'
2010-02-04',2010-08-05'
2010-02-04',2010-08-05'
2010-02-04',2010-08-05'
2010-02-04',2010-08-05'
2010-02-04',2010-08-05'
2010-02-04',2010-08-05'
2010-02-04',2010-08-05'
2010-02-04',2010-08-05'
2010-02-04',2010-08-05'
2010-02-04',2010-08-05'
2010-02-04',2010-08-05'
2010-02-04',2010-08-05'
2010-02-04',2010-08-05'
2010-02-04',2010-08-05'
2010-02-04',2010-08-05'
2010-02-04',2010-08-05'
2010-02-04',2010-08-05'
2010-08-06',2011-02-04'
2010-08-06',2011-02-04'
2010-08-06',2011-02-04'
2010-08-06',2011-02-04'
2010-08-06',2011-02-04'
2010-08-06',2011-02-04'
2010-08-06',2011-02-04'
2010-08-06',2011-02-04'
2010-08-06',2011-02-04'
2010-08-06',2011-02-04'
2010-08-06',2011-02-04'
2010-08-06',2011-02-04'
2010-08-06',2011-02-04'
2010-08-06',2011-02-04'
2010-08-06',2011-02-04'
2010-08-06',2011-02-04'
2010-08-06',2011-02-04'
2010-08-06',2011-02-04'
2010-08-06',2011-02-04'
2010-08-06',2011-02-04'
2010-08-06',2011-02-04'
2010-08-06',2011-02-04'
2010-08-06',2011-02-04'
2010-08-06',2011-02-04'
2010-08-06',2011-02-04'
2010-08-06',2011-02-04'
2010-08-06',2011-02-04'
2010-08-06',2011-02-04'
2010-08-06',2011-02-04'
2010-08-06',2011-02-04'
2010-08-06',2011-02-04'
2010-08-06',2011-02-04'
2010-08-06',2011-02-04'
2010-08-06',2011-02-04'
2010-08-06',2011-02-04'
2010-08-06',2011-02-04'
2010-08-06',2011-02-04'
2010-08-06',2011-02-04'
2010-08-06',2011-02-04'
2010-08-06',2011-02-04'
2010-08-06',2011-02-04'
2010-08-06',2011-02-04'
2010-08-06',2011-02-04'
2010-08-06',2011-02-04'
2010-08-06',2011-02-04'
2010-08-06',2011-02-04'
2010-08-06',2011-02-04'
2010-08-06',2011-02-04'
2010-08-06',2011-02-04'
2010-08-06',2011-02-04'
2010-08-06',2011-02-04'
2010-08-06',2011-02-04'
2010-08-06',2011-02-04'
2010-08-06',2011-02-04'
2010-08-06',2011-02-04'
2010-08-06',2011-02-04'
2010-08-06',2011-02-04'
2010-08-06',2011-02-04'
2010-08-06',2011-02-04'
2010-08-06',2011-02-04'
2010-08-06',2011-02-04'
2010-08-06',2011-02-04'
2010-08-06',2011-02-04'
2010-08-06',2011-02-04'
2010-08-06',2011-02-04'
2010-08-06',2011-02-04'
2010-08-06',2011-02-04'
2010-08-06',2011-02-04'
2010-08-06',2011-02-04'
2010-08-06',2011-02-04'
2010-08-06',2011-02-04'
2010-08-06',2011-02-04'
2010-08-06',2011-02-04'
2010-08-06',2011-02-04'
2010-08-06',2011-02-04'
2010-08-06',2011-02-04'
2010-08-06',2011-02-04'
2010-08-06',2011-02-04'
2010-08-06',2011-02-04'
2010-08-06',2011-02-04'
2010-08-06',2011-02-04'
2010-08-06',2011-02-04'
2010-08-06',2011-02-04'
2010-08-06',2011-02-04'
2010-08-06',2011-02-04'
2010-08-06',2011-02-04'
2010-08-06',2011-02-04'
2010-08-06',2011-02-04'
2010-08-06',2011-02-04'
2010-08-06',2011-02-04'
2010-08-06',2011-02-04'
2010-08-06',2011-02-04'
2010-08-06',2011-02-04'
2010-08-06',2011-02-04'
2010-08-06',2011-02-04'
2010-08-06',2011-02-04'
2010-08-06',2011-02-04'
2010-08-06',2011-02-04'
2010-08-06',2011-02-04'
2010-08-06',2011-02-04'
2010-08-06',2011-02-04'
2011-02-05',2011-08-04'
2011-02-05',2011-08-04'
2011-02-05',2011-08-04'
2011-02-05',2011-08-04'
2011-02-05',2011-08-04'
2011-02-05',2011-08-04'
2011-02-05',2011-08-04'
2011-02-05',2011-08-04'
2011-02-05',2011-08-04'
2011-02-05',2011-08-04'
2011-02-05',2011-08-04'
2011-02-05',2011-08-04'
2011-02-05',2011-08-04'
2011-02-05',2011-08-04'
2011-02-05',2011-08-04'
2011-02-05',2011-08-04'
2011-02-05',2011-08-04'
2011-02-05',2011-08-04'
2011-02-05',2011-08-04'
2011-02-05',2011-08-04'
2011-02-05',2011-08-04'
2011-02-05',2011-08-04'
2011-02-05',2011-08-04'
2011-02-05',2011-08-04'
2011-02-05',2011-08-04'
2011-02-05',2011-08-04'
2011-02-05',2011-08-04'
2011-02-05',2011-08-04'
2011-02-05',2011-08-04'
2011-02-05',2011-08-04'
2011-02-05',2011-08-04'
2011-02-05',2011-08-04'
2011-02-05',2011-08-04'
2011-02-05',2011-08-04'
2011-02-05',2011-08-04'
2011-02-05',2011-08-04'
2011-02-05',2011-08-04'
2011-02-05',2011-08-04'
2011-02-05',2011-08-04'
2011-02-05',2011-08-04'
2011-02-05',2011-08-04'
2011-02-05',2011-08-04'
2011-02-05',2011-08-04'
2011-02-05',2011-08-04'
2011-02-05',2011-08-04'
2011-02-05',2011-08-04'
2011-02-05',2011-08-04'
2011-02-05',2011-08-04'
2011-02-05',2011-08-04'
2011-02-05',2011-08-04'
2011-02-05',2011-08-04'
2011-02-05',2011-08-04'
2011-02-05',2011-08-04'
2011-02-05',2011-08-04'
2011-02-05',2011-08-04'
2011-02-05',2011-08-04'
2011-02-05',2011-08-04'
2011-02-05',2011-08-04'
2011-02-05',2011-08-04'
2011-02-05',2011-08-04'
2011-02-05',2011-08-04'
2011-02-05',2011-08-04'
2011-02-05',2011-08-04'
2011-02-05',2011-08-04'
2011-02-05',2011-08-04'
2011-02-05',2011-08-04'
2011-02-05',2011-08-04'
2011-02-05',2011-08-04'
2011-02-05',2011-08-04'
2011-02-05',2011-08-04'
2011-02-05',2011-08-04'
2011-02-05',2011-08-04'
2011-02-05',2011-08-04'
2011-02-05',2011-08-04'
2011-02-05',2011-08-04'
2011-02-05',2011-08-04'
2011-02-05',2011-08-04'
2011-02-05',2011-08-04'
2011-02-05',2011-08-04'
2011-02-05',2011-08-04'
2011-02-05',2011-08-04'
2011-02-05',2011-08-04'
2011-02-05',2011-08-04'
2011-02-05',2011-08-04'
2011-02-05',2011-08-04'
2011-02-05',2011-08-04'
2011-02-05',2011-08-04'
2011-02-05',2011-08-04'
2011-02-05',2011-08-04'
2011-02-05',2011-08-04'
2011-02-05',2011-08-04'
2011-02-05',2011-08-04'
2011-02-05',2011-08-04'
2011-02-05',2011-08-04'
2011-02-05',2011-08-04'
2011-02-05',2011-08-04'
2011-02-05',2011-08-04'
2011-02-05',2011-08-04'
2011-02-05',2011-08-04'
2011-02-05',2011-08-04'
2011-08-05',2012-02-02'
2011-08-05',2012-02-02'
2011-08-05',2012-02-02'
2011-08-05',2012-02-02'
2011-08-05',2012-02-02'
2011-08-05',2012-02-02'
2011-08-05',2012-02-02'
2011-08-05',2012-02-02'
2011-08-05',2012-02-02'
2011-08-05',2012-02-02'
2011-08-05',2012-02-02'
2011-08-05',2012-02-02'
2011-08-05',2012-02-02'
2011-08-05',2012-02-02'
2011-08-05',2012-02-02'
2011-08-05',2012-02-02'
2011-08-05',2012-02-02'
2011-08-05',2012-02-02'
2011-08-05',2012-02-02'
2011-08-05',2012-02-02'
2011-08-05',2012-02-02'
2011-08-05',2012-02-02'
2011-08-05',2012-02-02'
2011-08-05',2012-02-02'
2011-08-05',2012-02-02'
2011-08-05',2012-02-02'
2011-08-05',2012-02-02'
2011-08-05',2012-02-02'
2011-08-05',2012-02-02'
2011-08-05',2012-02-02'
2011-08-05',2012-02-02'
2011-08-05',2012-02-02'
2011-08-05',2012-02-02'
2011-08-05',2012-02-02'
2011-08-05',2012-02-02'
2011-08-05',2012-02-02'
2011-08-05',2012-02-02'
2011-08-05',2012-02-02'
2011-08-05',2012-02-02'
2011-08-05',2012-02-02'
2011-08-05',2012-02-02'
2011-08-05',2012-02-02'
2011-08-05',2012-02-02'
2011-08-05',2012-02-02'
2011-08-05',2012-02-02'
2011-08-05',2012-02-02'
2011-08-05',2012-02-02'
2011-08-05',2012-02-02'
2011-08-05',2012-02-02'
2011-08-05',2012-02-02'
2011-08-05',2012-02-02'
2011-08-05',2012-02-02'
2011-08-05',2012-02-02'
2011-08-05',2012-02-02'
2011-08-05',2012-02-02'
2011-08-05',2012-02-02'
2011-08-05',2012-02-02'
2011-08-05',2012-02-02'
2011-08-05',2012-02-02'
2011-08-05',2012-02-02'
2011-08-05',2012-02-02'
2011-08-05',2012-02-02'
2011-08-05',2012-02-02'
2011-08-05',2012-02-02'
2011-08-05',2012-02-02'
2011-08-05',2012-02-02'
2011-08-05',2012-02-02'
2011-08-05',2012-02-02'
2011-08-05',2012-02-02'
2011-08-05',2012-02-02'
2011-08-05',2012-02-02'
2011-08-05',2012-02-02'
2011-08-05',2012-02-02'
2011-08-05',2012-02-02'
2011-08-05',2012-02-02'
2011-08-05',2012-02-02'
2011-08-05',2012-02-02'
2011-08-05',2012-02-02'
2011-08-05',2012-02-02'
2011-08-05',2012-02-02'
2011-08-05',2012-02-02'
2011-08-05',2012-02-02'
2011-08-05',2012-02-02'
2011-08-05',2012-02-02'
2011-08-05',2012-02-02'
2011-08-05',2012-02-02'
2011-08-05',2012-02-02'
2011-08-05',2012-02-02'
2011-08-05',2012-02-02'
2011-08-05',2012-02-02'
2011-08-05',2012-02-02'
2011-08-05',2012-02-02'
2011-08-05',2012-02-02'
2011-08-05',2012-02-02'
2011-08-05',2012-02-02'
2011-08-05',2012-02-02'
2011-08-05',2012-02-02'
2011-08-05',2012-02-02'
2011-08-05',2012-02-02'
2011-08-05',2012-02-02'
2011-08-05',2012-02-02'
2012-02-03',2012-08-02'
2012-02-03',2012-08-02'
2012-02-03',2012-08-02'
2012-02-03',2012-08-02'
2012-02-03',2012-08-02'
2012-02-03',2012-08-02'
2012-02-03',2012-08-02'
2012-02-03',2012-08-02'
2012-02-03',2012-08-02'
2012-02-03',2012-08-02'
2012-02-03',2012-08-02'
2012-02-03',2012-08-02'
2012-02-03',2012-08-02'
2012-02-03',2012-08-02'
2012-02-03',2012-08-02'
2012-02-03',2012-08-02'
2012-02-03',2012-08-02'
2012-02-03',2012-08-02'
2012-02-03',2012-08-02'
2012-02-03',2012-08-02'
2012-02-03',2012-08-02'
2012-02-03',2012-08-02'
2012-02-03',2012-08-02'
2012-02-03',2012-08-02'
2012-02-03',2012-08-02'
2012-02-03',2012-08-02'
2012-02-03',2012-08-02'
2012-02-03',2012-08-02'
2012-02-03',2012-08-02'
2012-02-03',2012-08-02'
2012-02-03',2012-08-02'
2012-02-03',2012-08-02'
2012-02-03',2012-08-02'
2012-02-03',2012-08-02'
2012-02-03',2012-08-02'
2012-02-03',2012-08-02'
2012-02-03',2012-08-02'
2012-02-03',2012-08-02'
2012-02-03',2012-08-02'
2012-02-03',2012-08-02'
2012-02-03',2012-08-02'
2012-02-03',2012-08-02'
2012-02-03',2012-08-02'
2012-02-03',2012-08-02'
2012-02-03',2012-08-02'
2012-02-03',2012-08-02'
2012-02-03',2012-08-02'
2012-02-03',2012-08-02'
2012-02-03',2012-08-02'
2012-02-03',2012-08-02'
2012-02-03',2012-08-02'
2012-02-03',2012-08-02'
2012-02-03',2012-08-02'
2012-02-03',2012-08-02'
2012-02-03',2012-08-02'
2012-02-03',2012-08-02'
2012-02-03',2012-08-02'
2012-02-03',2012-08-02'
2012-02-03',2012-08-02'
2012-02-03',2012-08-02'
2012-02-03',2012-08-02'
2012-02-03',2012-08-02'
2012-02-03',2012-08-02'
2012-02-03',2012-08-02'
2012-02-03',2012-08-02'
2012-02-03',2012-08-02'
2012-02-03',2012-08-02'
2012-02-03',2012-08-02'
2012-02-03',2012-08-02'
2012-02-03',2012-08-02'
2012-02-03',2012-08-02'
2012-02-03',2012-08-02'
2012-02-03',2012-08-02'
2012-02-03',2012-08-02'
2012-02-03',2012-08-02'
2012-02-03',2012-08-02'
2012-02-03',2012-08-02'
2012-02-03',2012-08-02'
2012-02-03',2012-08-02'
2012-02-03',2012-08-02'
2012-02-03',2012-08-02'
2012-02-03',2012-08-02'
2012-02-03',2012-08-02'
2012-02-03',2012-08-02'
2012-02-03',2012-08-02'
2012-02-03',2012-08-02'
2012-02-03',2012-08-02'
2012-02-03',2012-08-02'
2012-02-03',2012-08-02'
2012-02-03',2012-08-02'
2012-02-03',2012-08-02'
2012-02-03',2012-08-02'
2012-02-03',2012-08-02'
2012-02-03',2012-08-02'
2012-02-03',2012-08-02'
2012-02-03',2012-08-02'
2012-02-03',2012-08-02'
2012-02-03',2012-08-02'
2012-02-03',2012-08-02'
2012-08-03',2013-02-07'
2012-08-03',2013-02-07'
2012-08-03',2013-02-07'
2012-08-03',2013-02-07'
2012-08-03',2013-02-07'
2012-08-03',2013-02-07'
2012-08-03',2013-02-07'
2012-08-03',2013-02-07'
2012-08-03',2013-02-07'
2012-08-03',2013-02-07'
2012-08-03',2013-02-07'
2012-08-03',2013-02-07'
2012-08-03',2013-02-07'
2012-08-03',2013-02-07'
2012-08-03',2013-02-07'
2012-08-03',2013-02-07'
2012-08-03',2013-02-07'
2012-08-03',2013-02-07'
2012-08-03',2013-02-07'
2012-08-03',2013-02-07'
2012-08-03',2013-02-07'
2012-08-03',2013-02-07'
2012-08-03',2013-02-07'
2012-08-03',2013-02-07'
2012-08-03',2013-02-07'
2012-08-03',2013-02-07'
2012-08-03',2013-02-07'
2012-08-03',2013-02-07'
2012-08-03',2013-02-07'
2012-08-03',2013-02-07'
2012-08-03',2013-02-07'
2012-08-03',2013-02-07'
2012-08-03',2013-02-07'
2012-08-03',2013-02-07'
2012-08-03',2013-02-07'
2012-08-03',2013-02-07'
2012-08-03',2013-02-07'
2012-08-03',2013-02-07'
2012-08-03',2013-02-07'
2012-08-03',2013-02-07'
2012-08-03',2013-02-07'
2012-08-03',2013-02-07'
2012-08-03',2013-02-07'
2012-08-03',2013-02-07'
2012-08-03',2013-02-07'
2012-08-03',2013-02-07'
2012-08-03',2013-02-07'
2012-08-03',2013-02-07'
2012-08-03',2013-02-07'
2012-08-03',2013-02-07'
2012-08-03',2013-02-07'
2012-08-03',2013-02-07'
2012-08-03',2013-02-07'
2012-08-03',2013-02-07'
2012-08-03',2013-02-07'
2012-08-03',2013-02-07'
2012-08-03',2013-02-07'
2012-08-03',2013-02-07'
2012-08-03',2013-02-07'
2012-08-03',2013-02-07'
2012-08-03',2013-02-07'
2012-08-03',2013-02-07'
2012-08-03',2013-02-07'
2012-08-03',2013-02-07'
2012-08-03',2013-02-07'
2012-08-03',2013-02-07'
2012-08-03',2013-02-07'
2012-08-03',2013-02-07'
2012-08-03',2013-02-07'
2012-08-03',2013-02-07'
2012-08-03',2013-02-07'
2012-08-03',2013-02-07'
2012-08-03',2013-02-07'
2012-08-03',2013-02-07'
2012-08-03',2013-02-07'
2012-08-03',2013-02-07'
2012-08-03',2013-02-07'
2012-08-03',2013-02-07'
2012-08-03',2013-02-07'
2012-08-03',2013-02-07'
2012-08-03',2013-02-07'
2012-08-03',2013-02-07'
2012-08-03',2013-02-07'
2012-08-03',2013-02-07'
2012-08-03',2013-02-07'
2012-08-03',2013-02-07'
2012-08-03',2013-02-07'
2012-08-03',2013-02-07'
2012-08-03',2013-02-07'
2012-08-03',2013-02-07'
2012-08-03',2013-02-07'
2012-08-03',2013-02-07'
2012-08-03',2013-02-07'
2012-08-03',2013-02-07'
2012-08-03',2013-02-07'
2012-08-03',2013-02-07'
2012-08-03',2013-02-07'
2012-08-03',2013-02-07'
2013-02-08',2013-08-01'
2013-02-08',2013-08-01'
2013-02-08',2013-08-01'
2013-02-08',2013-08-01'
2013-02-08',2013-08-01'
2013-02-08',2013-08-01'
2013-02-08',2013-08-01'
2013-02-08',2013-08-01'
2013-02-08',2013-08-01'
2013-02-08',2013-08-01'
2013-02-08',2013-08-01'
2013-02-08',2013-08-01'
2013-02-08',2013-08-01'
2013-02-08',2013-08-01'
2013-02-08',2013-08-01'
2013-02-08',2013-08-01'
2013-02-08',2013-08-01'
2013-02-08',2013-08-01'
2013-02-08',2013-08-01'
2013-02-08',2013-08-01'
2013-02-08',2013-08-01'
2013-02-08',2013-08-01'
2013-02-08',2013-08-01'
2013-02-08',2013-08-01'
2013-02-08',2013-08-01'
2013-02-08',2013-08-01'
2013-02-08',2013-08-01'
2013-02-08',2013-08-01'
2013-02-08',2013-08-01'
2013-02-08',2013-08-01'
2013-02-08',2013-08-01'
2013-02-08',2013-08-01'
2013-02-08',2013-08-01'
2013-02-08',2013-08-01'
2013-02-08',2013-08-01'
2013-02-08',2013-08-01'
2013-02-08',2013-08-01'
2013-02-08',2013-08-01'
2013-02-08',2013-08-01'
2013-02-08',2013-08-01'
2013-02-08',2013-08-01'
2013-02-08',2013-08-01'
2013-02-08',2013-08-01'
2013-02-08',2013-08-01'
2013-02-08',2013-08-01'
2013-02-08',2013-08-01'
2013-02-08',2013-08-01'
2013-02-08',2013-08-01'
2013-02-08',2013-08-01'
2013-02-08',2013-08-01'
2013-02-08',2013-08-01'
2013-02-08',2013-08-01'
2013-02-08',2013-08-01'
2013-02-08',2013-08-01'
2013-02-08',2013-08-01'
2013-02-08',2013-08-01'
2013-02-08',2013-08-01'
2013-02-08',2013-08-01'
2013-02-08',2013-08-01'
2013-02-08',2013-08-01'
2013-02-08',2013-08-01'
2013-02-08',2013-08-01'
2013-02-08',2013-08-01'
2013-02-08',2013-08-01'
2013-02-08',2013-08-01'
2013-02-08',2013-08-01'
2013-02-08',2013-08-01'
2013-02-08',2013-08-01'
2013-02-08',2013-08-01'
2013-02-08',2013-08-01'
2013-02-08',2013-08-01'
2013-02-08',2013-08-01'
2013-02-08',2013-08-01'
2013-02-08',2013-08-01'
2013-02-08',2013-08-01'
2013-02-08',2013-08-01'
2013-02-08',2013-08-01'
2013-02-08',2013-08-01'
2013-02-08',2013-08-01'
2013-02-08',2013-08-01'
2013-02-08',2013-08-01'
2013-02-08',2013-08-01'
2013-02-08',2013-08-01'
2013-02-08',2013-08-01'
2013-02-08',2013-08-01'
2013-02-08',2013-08-01'
2013-02-08',2013-08-01'
2013-02-08',2013-08-01'
2013-02-08',2013-08-01'
2013-02-08',2013-08-01'
2013-02-08',2013-08-01'
2013-02-08',2013-08-01'
2013-02-08',2013-08-01'
2013-02-08',2013-08-01'
2013-02-08',2013-08-01'
2013-02-08',2013-08-01'
2013-02-08',2013-08-01'
2013-02-08',2013-08-01'
2013-02-08',2013-08-01'
2013-08-02',2014-02-06'
2013-08-02',2014-02-06'
2013-08-02',2014-02-06'
2013-08-02',2014-02-06'
2013-08-02',2014-02-06'
2013-08-02',2014-02-06'
2013-08-02',2014-02-06'
2013-08-02',2014-02-06'
2013-08-02',2014-02-06'
2013-08-02',2014-02-06'
2013-08-02',2014-02-06'
2013-08-02',2014-02-06'
2013-08-02',2014-02-06'
2013-08-02',2014-02-06'
2013-08-02',2014-02-06'
2013-08-02',2014-02-06'
2013-08-02',2014-02-06'
2013-08-02',2014-02-06'
2013-08-02',2014-02-06'
2013-08-02',2014-02-06'
2013-08-02',2014-02-06'
2013-08-02',2014-02-06'
2013-08-02',2014-02-06'
2013-08-02',2014-02-06'
2013-08-02',2014-02-06'
2013-08-02',2014-02-06'
2013-08-02',2014-02-06'
2013-08-02',2014-02-06'
2013-08-02',2014-02-06'
2013-08-02',2014-02-06'
2013-08-02',2014-02-06'
2013-08-02',2014-02-06'
2013-08-02',2014-02-06'
2013-08-02',2014-02-06'
2013-08-02',2014-02-06'
2013-08-02',2014-02-06'
2013-08-02',2014-02-06'
2013-08-02',2014-02-06'
2013-08-02',2014-02-06'
2013-08-02',2014-02-06'
2013-08-02',2014-02-06'
2013-08-02',2014-02-06'
2013-08-02',2014-02-06'
2013-08-02',2014-02-06'
2013-08-02',2014-02-06'
2013-08-02',2014-02-06'
2013-08-02',2014-02-06'
2013-08-02',2014-02-06'
2013-08-02',2014-02-06'
2013-08-02',2014-02-06'
2013-08-02',2014-02-06'
2013-08-02',2014-02-06'
2013-08-02',2014-02-06'
2013-08-02',2014-02-06'
2013-08-02',2014-02-06'
2013-08-02',2014-02-06'
2013-08-02',2014-02-06'
2013-08-02',2014-02-06'
2013-08-02',2014-02-06'
2013-08-02',2014-02-06'
2013-08-02',2014-02-06'
2013-08-02',2014-02-06'
2013-08-02',2014-02-06'
2013-08-02',2014-02-06'
2013-08-02',2014-02-06'
2013-08-02',2014-02-06'
2013-08-02',2014-02-06'
2013-08-02',2014-02-06'
2013-08-02',2014-02-06'
2013-08-02',2014-02-06'
2013-08-02',2014-02-06'
2013-08-02',2014-02-06'
2013-08-02',2014-02-06'
2013-08-02',2014-02-06'
2013-08-02',2014-02-06'
2013-08-02',2014-02-06'
2013-08-02',2014-02-06'
2013-08-02',2014-02-06'
2013-08-02',2014-02-06'
2013-08-02',2014-02-06'
2013-08-02',2014-02-06'
2013-08-02',2014-02-06'
2013-08-02',2014-02-06'
2013-08-02',2014-02-06'
2013-08-02',2014-02-06'
2013-08-02',2014-02-06'
2013-08-02',2014-02-06'
2013-08-02',2014-02-06'
2013-08-02',2014-02-06'
2013-08-02',2014-02-06'
2013-08-02',2014-02-06'
2013-08-02',2014-02-06'
2013-08-02',2014-02-06'
2013-08-02',2014-02-06'
2013-08-02',2014-02-06'
2013-08-02',2014-02-06'
2013-08-02',2014-02-06'
2013-08-02',2014-02-06'
2014-02-07',2014-08-07'
2014-02-07',2014-08-07'
2014-02-07',2014-08-07'
2014-02-07',2014-08-07'
2014-02-07',2014-08-07'
2014-02-07',2014-08-07'
2014-02-07',2014-08-07'
2014-02-07',2014-08-07'
2014-02-07',2014-08-07'
2014-02-07',2014-08-07'
2014-02-07',2014-08-07'
2014-02-07',2014-08-07'
2014-02-07',2014-08-07'
2014-02-07',2014-08-07'
2014-02-07',2014-08-07'
2014-02-07',2014-08-07'
2014-02-07',2014-08-07'
2014-02-07',2014-08-07'
2014-02-07',2014-08-07'
2014-02-07',2014-08-07'
2014-02-07',2014-08-07'
2014-02-07',2014-08-07'
2014-02-07',2014-08-07'
2014-02-07',2014-08-07'
2014-02-07',2014-08-07'
2014-02-07',2014-08-07'
2014-02-07',2014-08-07'
2014-02-07',2014-08-07'
2014-02-07',2014-08-07'
2014-02-07',2014-08-07'
2014-02-07',2014-08-07'
2014-02-07',2014-08-07'
2014-02-07',2014-08-07'
2014-02-07',2014-08-07'
2014-02-07',2014-08-07'
2014-02-07',2014-08-07'
2014-02-07',2014-08-07'
2014-02-07',2014-08-07'
2014-02-07',2014-08-07'
2014-02-07',2014-08-07'
2014-02-07',2014-08-07'
2014-02-07',2014-08-07'
2014-02-07',2014-08-07'
2014-02-07',2014-08-07'
2014-02-07',2014-08-07'
2014-02-07',2014-08-07'
2014-02-07',2014-08-07'
2014-02-07',2014-08-07'
2014-02-07',2014-08-07'
2014-02-07',2014-08-07'
2014-02-07',2014-08-07'
2014-02-07',2014-08-07'
2014-02-07',2014-08-07'
2014-02-07',2014-08-07'
2014-02-07',2014-08-07'
2014-02-07',2014-08-07'
2014-02-07',2014-08-07'
2014-02-07',2014-08-07'
2014-02-07',2014-08-07'
2014-02-07',2014-08-07'
2014-02-07',2014-08-07'
2014-02-07',2014-08-07'
2014-02-07',2014-08-07'
2014-02-07',2014-08-07'
2014-02-07',2014-08-07'
2014-02-07',2014-08-07'
2014-02-07',2014-08-07'
2014-02-07',2014-08-07'
2014-02-07',2014-08-07'
2014-02-07',2014-08-07'
2014-02-07',2014-08-07'
2014-02-07',2014-08-07'
2014-02-07',2014-08-07'
2014-02-07',2014-08-07'
2014-02-07',2014-08-07'
2014-02-07',2014-08-07'
2014-02-07',2014-08-07'
2014-02-07',2014-08-07'
2014-02-07',2014-08-07'
2014-02-07',2014-08-07'
2014-02-07',2014-08-07'
2014-02-07',2014-08-07'
2014-02-07',2014-08-07'
2014-02-07',2014-08-07'
2014-02-07',2014-08-07'
2014-02-07',2014-08-07'
2014-02-07',2014-08-07'
2014-02-07',2014-08-07'
2014-02-07',2014-08-07'
2014-02-07',2014-08-07'
2014-02-07',2014-08-07'
2014-02-07',2014-08-07'
2014-02-07',2014-08-07'
2014-02-07',2014-08-07'
2014-02-07',2014-08-07'
2014-02-07',2014-08-07'
2014-02-07',2014-08-07'
2014-02-07',2014-08-07'
2014-02-07',2014-08-07'
2014-02-07',2014-08-07'
2014-02-07',2014-08-07'
2014-08-08',2015-02-05'
2014-08-08',2015-02-05'
2014-08-08',2015-02-05'
2014-08-08',2015-02-05'
2014-08-08',2015-02-05'
2014-08-08',2015-02-05'
2014-08-08',2015-02-05'
2014-08-08',2015-02-05'
2014-08-08',2015-02-05'
2014-08-08',2015-02-05'
2014-08-08',2015-02-05'
2014-08-08',2015-02-05'
2014-08-08',2015-02-05'
2014-08-08',2015-02-05'
2014-08-08',2015-02-05'
2014-08-08',2015-02-05'
2014-08-08',2015-02-05'
2014-08-08',2015-02-05'
2014-08-08',2015-02-05'
2014-08-08',2015-02-05'
2014-08-08',2015-02-05'
2014-08-08',2015-02-05'
2014-08-08',2015-02-05'
2014-08-08',2015-02-05'
2014-08-08',2015-02-05'
2014-08-08',2015-02-05'
2014-08-08',2015-02-05'
2014-08-08',2015-02-05'
2014-08-08',2015-02-05'
2014-08-08',2015-02-05'
2014-08-08',2015-02-05'
2014-08-08',2015-02-05'
2014-08-08',2015-02-05'
2014-08-08',2015-02-05'
2014-08-08',2015-02-05'
2014-08-08',2015-02-05'
2014-08-08',2015-02-05'
2014-08-08',2015-02-05'
2014-08-08',2015-02-05'
2014-08-08',2015-02-05'
2014-08-08',2015-02-05'
2014-08-08',2015-02-05'
2014-08-08',2015-02-05'
2014-08-08',2015-02-05'
2014-08-08',2015-02-05'
2014-08-08',2015-02-05'
2014-08-08',2015-02-05'
2014-08-08',2015-02-05'
2014-08-08',2015-02-05'
2014-08-08',2015-02-05'
2014-08-08',2015-02-05'
2014-08-08',2015-02-05'
2014-08-08',2015-02-05'
2014-08-08',2015-02-05'
2014-08-08',2015-02-05'
2014-08-08',2015-02-05'
2014-08-08',2015-02-05'
2014-08-08',2015-02-05'
2014-08-08',2015-02-05'
2014-08-08',2015-02-05'
2014-08-08',2015-02-05'
2014-08-08',2015-02-05'
2014-08-08',2015-02-05'
2014-08-08',2015-02-05'
2014-08-08',2015-02-05'
2014-08-08',2015-02-05'
2014-08-08',2015-02-05'
2014-08-08',2015-02-05'
2014-08-08',2015-02-05'
2014-08-08',2015-02-05'
2014-08-08',2015-02-05'
2014-08-08',2015-02-05'
2014-08-08',2015-02-05'
2014-08-08',2015-02-05'
2014-08-08',2015-02-05'
2014-08-08',2015-02-05'
2014-08-08',2015-02-05'
2014-08-08',2015-02-05'
2014-08-08',2015-02-05'
2014-08-08',2015-02-05'
2014-08-08',2015-02-05'
2014-08-08',2015-02-05'
2014-08-08',2015-02-05'
2014-08-08',2015-02-05'
2014-08-08',2015-02-05'
2014-08-08',2015-02-05'
2014-08-08',2015-02-05'
2014-08-08',2015-02-05'
2014-08-08',2015-02-05'
2014-08-08',2015-02-05'
2014-08-08',2015-02-05'
2014-08-08',2015-02-05'
2014-08-08',2015-02-05'
2014-08-08',2015-02-05'
2014-08-08',2015-02-05'
2014-08-08',2015-02-05'
2014-08-08',2015-02-05'
2014-08-08',2015-02-05'
2014-08-08',2015-02-05'
2014-08-08',2015-02-05'
2014-08-08',2015-02-05'
2014-08-08',2015-02-05'
2015-02-06',2015-08-06'
2015-02-06',2015-08-06'
2015-02-06',2015-08-06'
2015-02-06',2015-08-06'
2015-02-06',2015-08-06'
2015-02-06',2015-08-06'
2015-02-06',2015-08-06'
2015-02-06',2015-08-06'
2015-02-06',2015-08-06'
2015-02-06',2015-08-06'
2015-02-06',2015-08-06'
2015-02-06',2015-08-06'
2015-02-06',2015-08-06'
2015-02-06',2015-08-06'
2015-02-06',2015-08-06'
2015-02-06',2015-08-06'
2015-02-06',2015-08-06'
2015-02-06',2015-08-06'
2015-02-06',2015-08-06'
2015-02-06',2015-08-06'
2015-02-06',2015-08-06'
2015-02-06',2015-08-06'
2015-02-06',2015-08-06'
2015-02-06',2015-08-06'
2015-02-06',2015-08-06'
2015-02-06',2015-08-06'
2015-02-06',2015-08-06'
2015-02-06',2015-08-06'
2015-02-06',2015-08-06'
2015-02-06',2015-08-06'
2015-02-06',2015-08-06'
2015-02-06',2015-08-06'
2015-02-06',2015-08-06'
2015-02-06',2015-08-06'
2015-02-06',2015-08-06'
2015-02-06',2015-08-06'
2015-02-06',2015-08-06'
2015-02-06',2015-08-06'
2015-02-06',2015-08-06'
2015-02-06',2015-08-06'
2015-02-06',2015-08-06'
2015-02-06',2015-08-06'
2015-02-06',2015-08-06'
2015-02-06',2015-08-06'
2015-02-06',2015-08-06'
2015-02-06',2015-08-06'
2015-02-06',2015-08-06'
2015-02-06',2015-08-06'
2015-02-06',2015-08-06'
2015-02-06',2015-08-06'
2015-02-06',2015-08-06'
2015-02-06',2015-08-06'
2015-02-06',2015-08-06'
2015-02-06',2015-08-06'
2015-02-06',2015-08-06'
2015-02-06',2015-08-06'
2015-02-06',2015-08-06'
2015-02-06',2015-08-06'
2015-02-06',2015-08-06'
2015-02-06',2015-08-06'
2015-02-06',2015-08-06'
2015-02-06',2015-08-06'
2015-02-06',2015-08-06'
2015-02-06',2015-08-06'
2015-02-06',2015-08-06'
2015-02-06',2015-08-06'
2015-02-06',2015-08-06'
2015-02-06',2015-08-06'
2015-02-06',2015-08-06'
2015-02-06',2015-08-06'
2015-02-06',2015-08-06'
2015-02-06',2015-08-06'
2015-02-06',2015-08-06'
2015-02-06',2015-08-06'
2015-02-06',2015-08-06'
2015-02-06',2015-08-06'
2015-02-06',2015-08-06'
2015-02-06',2015-08-06'
2015-02-06',2015-08-06'
2015-02-06',2015-08-06'
2015-02-06',2015-08-06'
2015-02-06',2015-08-06'
2015-02-06',2015-08-06'
2015-02-06',2015-08-06'
2015-02-06',2015-08-06'
2015-02-06',2015-08-06'
2015-02-06',2015-08-06'
2015-02-06',2015-08-06'
2015-02-06',2015-08-06'
2015-02-06',2015-08-06'
2015-02-06',2015-08-06'
2015-02-06',2015-08-06'
2015-02-06',2015-08-06'
2015-02-06',2015-08-06'
2015-02-06',2015-08-06'
2015-02-06',2015-08-06'
2015-02-06',2015-08-06'
2015-02-06',2015-08-06'
2015-02-06',2015-08-06'
2015-02-06',2015-08-06'
2015-08-07',2016-02-04'
2015-08-07',2016-02-04'
2015-08-07',2016-02-04'
2015-08-07',2016-02-04'
2015-08-07',2016-02-04'
2015-08-07',2016-02-04'
2015-08-07',2016-02-04'
2015-08-07',2016-02-04'
2015-08-07',2016-02-04'
2015-08-07',2016-02-04'
2015-08-07',2016-02-04'
2015-08-07',2016-02-04'
2015-08-07',2016-02-04'
2015-08-07',2016-02-04'
2015-08-07',2016-02-04'
2015-08-07',2016-02-04'
2015-08-07',2016-02-04'
2015-08-07',2016-02-04'
2015-08-07',2016-02-04'
2015-08-07',2016-02-04'
2015-08-07',2016-02-04'
2015-08-07',2016-02-04'
2015-08-07',2016-02-04'
2015-08-07',2016-02-04'
2015-08-07',2016-02-04'
2015-08-07',2016-02-04'
2015-08-07',2016-02-04'
2015-08-07',2016-02-04'
2015-08-07',2016-02-04'
2015-08-07',2016-02-04'
2015-08-07',2016-02-04'
2015-08-07',2016-02-04'
2015-08-07',2016-02-04'
2015-08-07',2016-02-04'
2015-08-07',2016-02-04'
2015-08-07',2016-02-04'
2015-08-07',2016-02-04'
2015-08-07',2016-02-04'
2015-08-07',2016-02-04'
2015-08-07',2016-02-04'
2015-08-07',2016-02-04'
2015-08-07',2016-02-04'
2015-08-07',2016-02-04'
2015-08-07',2016-02-04'
2015-08-07',2016-02-04'
2015-08-07',2016-02-04'
2015-08-07',2016-02-04'
2015-08-07',2016-02-04'
2015-08-07',2016-02-04'
2015-08-07',2016-02-04'
2015-08-07',2016-02-04'
2015-08-07',2016-02-04'
2015-08-07',2016-02-04'
2015-08-07',2016-02-04'
2015-08-07',2016-02-04'
2015-08-07',2016-02-04'
2015-08-07',2016-02-04'
2015-08-07',2016-02-04'
2015-08-07',2016-02-04'
2015-08-07',2016-02-04'
2015-08-07',2016-02-04'
2015-08-07',2016-02-04'
2015-08-07',2016-02-04'
2015-08-07',2016-02-04'
2015-08-07',2016-02-04'
2015-08-07',2016-02-04'
2015-08-07',2016-02-04'
2015-08-07',2016-02-04'
2015-08-07',2016-02-04'
2015-08-07',2016-02-04'
2015-08-07',2016-02-04'
2015-08-07',2016-02-04'
2015-08-07',2016-02-04'
2015-08-07',2016-02-04'
2015-08-07',2016-02-04'
2015-08-07',2016-02-04'
2015-08-07',2016-02-04'
2015-08-07',2016-02-04'
2015-08-07',2016-02-04'
2015-08-07',2016-02-04'
2015-08-07',2016-02-04'
2015-08-07',2016-02-04'
2015-08-07',2016-02-04'
2015-08-07',2016-02-04'
2015-08-07',2016-02-04'
2015-08-07',2016-02-04'
2015-08-07',2016-02-04'
2015-08-07',2016-02-04'
2015-08-07',2016-02-04'
2015-08-07',2016-02-04'
2015-08-07',2016-02-04'
2015-08-07',2016-02-04'
2015-08-07',2016-02-04'
2015-08-07',2016-02-04'
2015-08-07',2016-02-04'
2015-08-07',2016-02-04'
2015-08-07',2016-02-04'
2015-08-07',2016-02-04'
2015-08-07',2016-02-04'
2015-08-07',2016-02-04'
2015-08-07',2016-02-04'
2016-02-05',2016-08-04'
2016-02-05',2016-08-04'
2016-02-05',2016-08-04'
2016-02-05',2016-08-04'
2016-02-05',2016-08-04'
2016-02-05',2016-08-04'
2016-02-05',2016-08-04'
2016-02-05',2016-08-04'
2016-02-05',2016-08-04'
2016-02-05',2016-08-04'
2016-02-05',2016-08-04'
2016-02-05',2016-08-04'
2016-02-05',2016-08-04'
2016-02-05',2016-08-04'
2016-02-05',2016-08-04'
2016-02-05',2016-08-04'
2016-02-05',2016-08-04'
2016-02-05',2016-08-04'
2016-02-05',2016-08-04'
2016-02-05',2016-08-04'
2016-02-05',2016-08-04'
2016-02-05',2016-08-04'
2016-02-05',2016-08-04'
2016-02-05',2016-08-04'
2016-02-05',2016-08-04'
2016-02-05',2016-08-04'
2016-02-05',2016-08-04'
2016-02-05',2016-08-04'
2016-02-05',2016-08-04'
2016-02-05',2016-08-04'
2016-02-05',2016-08-04'
2016-02-05',2016-08-04'
2016-02-05',2016-08-04'
2016-02-05',2016-08-04'
2016-02-05',2016-08-04'
2016-02-05',2016-08-04'
2016-02-05',2016-08-04'
2016-02-05',2016-08-04'
2016-02-05',2016-08-04'
2016-02-05',2016-08-04'
2016-02-05',2016-08-04'
2016-02-05',2016-08-04'
2016-02-05',2016-08-04'
2016-02-05',2016-08-04'
2016-02-05',2016-08-04'
2016-02-05',2016-08-04'
2016-02-05',2016-08-04'
2016-02-05',2016-08-04'
2016-02-05',2016-08-04'
2016-02-05',2016-08-04'
2016-02-05',2016-08-04'
2016-02-05',2016-08-04'
2016-02-05',2016-08-04'
2016-02-05',2016-08-04'
2016-02-05',2016-08-04'
2016-02-05',2016-08-04'
2016-02-05',2016-08-04'
2016-02-05',2016-08-04'
2016-02-05',2016-08-04'
2016-02-05',2016-08-04'
2016-02-05',2016-08-04'
2016-02-05',2016-08-04'
2016-02-05',2016-08-04'
2016-02-05',2016-08-04'
2016-02-05',2016-08-04'
2016-02-05',2016-08-04'
2016-02-05',2016-08-04'
2016-02-05',2016-08-04'
2016-02-05',2016-08-04'
2016-02-05',2016-08-04'
2016-02-05',2016-08-04'
2016-02-05',2016-08-04'
2016-02-05',2016-08-04'
2016-02-05',2016-08-04'
2016-02-05',2016-08-04'
2016-02-05',2016-08-04'
2016-02-05',2016-08-04'
2016-02-05',2016-08-04'
2016-02-05',2016-08-04'
2016-02-05',2016-08-04'
2016-02-05',2016-08-04'
2016-02-05',2016-08-04'
2016-02-05',2016-08-04'
2016-02-05',2016-08-04'
2016-02-05',2016-08-04'
2016-02-05',2016-08-04'
2016-02-05',2016-08-04'
2016-02-05',2016-08-04'
2016-02-05',2016-08-04'
2016-02-05',2016-08-04'
2016-02-05',2016-08-04'
2016-02-05',2016-08-04'
2016-02-05',2016-08-04'
2016-02-05',2016-08-04'
2016-02-05',2016-08-04'
2016-02-05',2016-08-04'
2016-02-05',2016-08-04'
2016-02-05',2016-08-04'
2016-02-05',2016-08-04'
2016-02-05',2016-08-04'
2016-08-05',2017-02-02'
2016-08-05',2017-02-02'
2016-08-05',2017-02-02'
2016-08-05',2017-02-02'
2016-08-05',2017-02-02'
2016-08-05',2017-02-02'
2016-08-05',2017-02-02'
2016-08-05',2017-02-02'
2016-08-05',2017-02-02'
2016-08-05',2017-02-02'
2016-08-05',2017-02-02'
2016-08-05',2017-02-02'
2016-08-05',2017-02-02'
2016-08-05',2017-02-02'
2016-08-05',2017-02-02'
2016-08-05',2017-02-02'
2016-08-05',2017-02-02'
2016-08-05',2017-02-02'
2016-08-05',2017-02-02'
2016-08-05',2017-02-02'
2016-08-05',2017-02-02'
2016-08-05',2017-02-02'
2016-08-05',2017-02-02'
2016-08-05',2017-02-02'
2016-08-05',2017-02-02'
2016-08-05',2017-02-02'
2016-08-05',2017-02-02'
2016-08-05',2017-02-02'
2016-08-05',2017-02-02'
2016-08-05',2017-02-02'
2016-08-05',2017-02-02'
2016-08-05',2017-02-02'
2016-08-05',2017-02-02'
2016-08-05',2017-02-02'
2016-08-05',2017-02-02'
2016-08-05',2017-02-02'
2016-08-05',2017-02-02'
2016-08-05',2017-02-02'
2016-08-05',2017-02-02'
2016-08-05',2017-02-02'
2016-08-05',2017-02-02'
2016-08-05',2017-02-02'
2016-08-05',2017-02-02'
2016-08-05',2017-02-02'
2016-08-05',2017-02-02'
2016-08-05',2017-02-02'
2016-08-05',2017-02-02'
2016-08-05',2017-02-02'
2016-08-05',2017-02-02'
2016-08-05',2017-02-02'
2016-08-05',2017-02-02'
2016-08-05',2017-02-02'
2016-08-05',2017-02-02'
2016-08-05',2017-02-02'
2016-08-05',2017-02-02'
2016-08-05',2017-02-02'
2016-08-05',2017-02-02'
2016-08-05',2017-02-02'
2016-08-05',2017-02-02'
2016-08-05',2017-02-02'
2016-08-05',2017-02-02'
2016-08-05',2017-02-02'
2016-08-05',2017-02-02'
2016-08-05',2017-02-02'
2016-08-05',2017-02-02'
2016-08-05',2017-02-02'
2016-08-05',2017-02-02'
2016-08-05',2017-02-02'
2016-08-05',2017-02-02'
2016-08-05',2017-02-02'
2016-08-05',2017-02-02'
2016-08-05',2017-02-02'
2016-08-05',2017-02-02'
2016-08-05',2017-02-02'
2016-08-05',2017-02-02'
2016-08-05',2017-02-02'
2016-08-05',2017-02-02'
2016-08-05',2017-02-02'
2016-08-05',2017-02-02'
2016-08-05',2017-02-02'
2016-08-05',2017-02-02'
2016-08-05',2017-02-02'
2016-08-05',2017-02-02'
2016-08-05',2017-02-02'
2016-08-05',2017-02-02'
2016-08-05',2017-02-02'
2016-08-05',2017-02-02'
2016-08-05',2017-02-02'
2016-08-05',2017-02-02'
2016-08-05',2017-02-02'
2016-08-05',2017-02-02'
2016-08-05',2017-02-02'
2016-08-05',2017-02-02'
2016-08-05',2017-02-02'
2016-08-05',2017-02-02'
2016-08-05',2017-02-02'
2016-08-05',2017-02-02'
2016-08-05',2017-02-02'
2016-08-05',2017-02-02'
2016-08-05',2017-02-02'
2016-08-05',2017-02-02'
2016-08-05',2017-02-02'
2016-08-05',2017-02-02'
2016-08-05',2017-02-02'
2016-08-05',2017-02-02'
2016-08-05',2017-02-02'
2016-08-05',2017-02-02'
2016-08-05',2017-02-02'
2016-08-05',2017-02-02'
2016-08-05',2017-02-02'
2016-08-05',2017-02-02'
2016-08-05',2017-02-02'
2016-08-05',2017-02-02'
2016-08-05',2017-02-02'
2016-08-05',2017-02-02'
2016-08-05',2017-02-02'
2016-08-05',2017-02-02'
2016-08-05',2017-02-02'
2016-08-05',2017-02-02'
2016-08-05',2017-02-02'
2016-08-05',2017-02-02'
2016-08-05',2017-02-02'
2016-08-05',2017-02-02'
2016-08-05',2017-02-02'
2016-08-05',2017-02-02'
2016-08-05',2017-02-02'
2016-08-05',2017-02-02'
2016-08-05',2017-02-02'
2016-08-05',2017-02-02'
2016-08-05',2017-02-02'
2016-08-05',2017-02-02'
2017-02-03',2017-08-03'
2017-02-03',2017-08-03'
2017-02-03',2017-08-03'
2017-02-03',2017-08-03'
2017-02-03',2017-08-03'
2017-02-03',2017-08-03'
2017-02-03',2017-08-03'
2017-02-03',2017-08-03'
2017-02-03',2017-08-03'
2017-02-03',2017-08-03'
2017-02-03',2017-08-03'
2017-02-03',2017-08-03'
2017-02-03',2017-08-03'
2017-02-03',2017-08-03'
2017-02-03',2017-08-03'
2017-02-03',2017-08-03'
2017-02-03',2017-08-03'
2017-02-03',2017-08-03'
2017-02-03',2017-08-03'
2017-02-03',2017-08-03'
2017-02-03',2017-08-03'
2017-02-03',2017-08-03'
2017-02-03',2017-08-03'
2017-02-03',2017-08-03'
2017-02-03',2017-08-03'
2017-02-03',2017-08-03'
2017-02-03',2017-08-03'
2017-02-03',2017-08-03'
2017-02-03',2017-08-03'
2017-02-03',2017-08-03'
2017-02-03',2017-08-03'
2017-02-03',2017-08-03'
2017-02-03',2017-08-03'
2017-02-03',2017-08-03'
2017-02-03',2017-08-03'
2017-02-03',2017-08-03'
2017-02-03',2017-08-03'
2017-02-03',2017-08-03'
2017-02-03',2017-08-03'
2017-02-03',2017-08-03'
2017-02-03',2017-08-03'
2017-02-03',2017-08-03'
2017-02-03',2017-08-03'
2017-02-03',2017-08-03'
2017-02-03',2017-08-03'
2017-02-03',2017-08-03'
2017-02-03',2017-08-03'
2017-02-03',2017-08-03'
2017-02-03',2017-08-03'
2017-02-03',2017-08-03'
2017-02-03',2017-08-03'
2017-02-03',2017-08-03'
2017-02-03',2017-08-03'
2017-02-03',2017-08-03'
2017-02-03',2017-08-03'
2017-02-03',2017-08-03'
2017-02-03',2017-08-03'
2017-02-03',2017-08-03'
2017-02-03',2017-08-03'
2017-02-03',2017-08-03'
2017-02-03',2017-08-03'
2017-02-03',2017-08-03'
2017-02-03',2017-08-03'
2017-02-03',2017-08-03'
2017-02-03',2017-08-03'
2017-02-03',2017-08-03'
2017-02-03',2017-08-03'
2017-02-03',2017-08-03'
2017-02-03',2017-08-03'
2017-02-03',2017-08-03'
2017-02-03',2017-08-03'
2017-02-03',2017-08-03'
2017-02-03',2017-08-03'
2017-02-03',2017-08-03'
2017-02-03',2017-08-03'
2017-02-03',2017-08-03'
2017-02-03',2017-08-03'
2017-02-03',2017-08-03'
2017-02-03',2017-08-03'
2017-02-03',2017-08-03'
2017-02-03',2017-08-03'
2017-02-03',2017-08-03'
2017-02-03',2017-08-03'
2017-02-03',2017-08-03'
2017-02-03',2017-08-03'
2017-02-03',2017-08-03'
2017-02-03',2017-08-03'
2017-02-03',2017-08-03'
2017-02-03',2017-08-03'
2017-02-03',2017-08-03'
2017-02-03',2017-08-03'
2017-02-03',2017-08-03'
2017-02-03',2017-08-03'
2017-02-03',2017-08-03'
2017-02-03',2017-08-03'
2017-02-03',2017-08-03'
2017-02-03',2017-08-03'
2017-02-03',2017-08-03'
2017-02-03',2017-08-03'
2017-02-03',2017-08-03'
2017-02-03',2017-08-03'
2017-02-03',2017-08-03'
2017-02-03',2017-08-03'
2017-02-03',2017-08-03'
2017-02-03',2017-08-03'
2017-02-03',2017-08-03'
2017-02-03',2017-08-03'
2017-02-03',2017-08-03'
2017-02-03',2017-08-03'
2017-02-03',2017-08-03'
2017-02-03',2017-08-03'
2017-02-03',2017-08-03'
2017-02-03',2017-08-03'
2017-02-03',2017-08-03'
2017-02-03',2017-08-03'
2017-02-03',2017-08-03'
2017-02-03',2017-08-03'
2017-02-03',2017-08-03'
2017-02-03',2017-08-03'
2017-02-03',2017-08-03'
2017-02-03',2017-08-03'
2017-02-03',2017-08-03'
2017-02-03',2017-08-03'
2017-02-03',2017-08-03'
2017-02-03',2017-08-03'
2017-02-03',2017-08-03'
2017-02-03',2017-08-03'
2017-02-03',2017-08-03'
2017-02-03',2017-08-03'
2017-02-03',2017-08-03'
2017-02-03',2017-08-03'
2017-02-03',2017-08-03'
2017-08-04',2018-02-01'
2017-08-04',2018-02-01'
2017-08-04',2018-02-01'
2017-08-04',2018-02-01'
2017-08-04',2018-02-01'
2017-08-04',2018-02-01'
2017-08-04',2018-02-01'
2017-08-04',2018-02-01'
2017-08-04',2018-02-01'
2017-08-04',2018-02-01'
2017-08-04',2018-02-01'
2017-08-04',2018-02-01'
2017-08-04',2018-02-01'
2017-08-04',2018-02-01'
2017-08-04',2018-02-01'
2017-08-04',2018-02-01'
2017-08-04',2018-02-01'
2017-08-04',2018-02-01'
2017-08-04',2018-02-01'
2017-08-04',2018-02-01'
2017-08-04',2018-02-01'
2017-08-04',2018-02-01'
2017-08-04',2018-02-01'
2017-08-04',2018-02-01'
2017-08-04',2018-02-01'
2017-08-04',2018-02-01'
2017-08-04',2018-02-01'
2017-08-04',2018-02-01'
2017-08-04',2018-02-01'
2017-08-04',2018-02-01'
2017-08-04',2018-02-01'
2017-08-04',2018-02-01'
2017-08-04',2018-02-01'
2017-08-04',2018-02-01'
2017-08-04',2018-02-01'
2017-08-04',2018-02-01'
2017-08-04',2018-02-01'
2017-08-04',2018-02-01'
2017-08-04',2018-02-01'
2017-08-04',2018-02-01'
2017-08-04',2018-02-01'
2017-08-04',2018-02-01'
2017-08-04',2018-02-01'
2017-08-04',2018-02-01'
2017-08-04',2018-02-01'
2017-08-04',2018-02-01'
2017-08-04',2018-02-01'
2017-08-04',2018-02-01'
2017-08-04',2018-02-01'
2017-08-04',2018-02-01'
2017-08-04',2018-02-01'
2017-08-04',2018-02-01'
2017-08-04',2018-02-01'
2017-08-04',2018-02-01'
2017-08-04',2018-02-01'
2017-08-04',2018-02-01'
2017-08-04',2018-02-01'
2017-08-04',2018-02-01'
2017-08-04',2018-02-01'
2017-08-04',2018-02-01'
2017-08-04',2018-02-01'
2017-08-04',2018-02-01'
2017-08-04',2018-02-01'
2017-08-04',2018-02-01'
2017-08-04',2018-02-01'
2017-08-04',2018-02-01'
2017-08-04',2018-02-01'
2017-08-04',2018-02-01'
2017-08-04',2018-02-01'
2017-08-04',2018-02-01'
2017-08-04',2018-02-01'
2017-08-04',2018-02-01'
2017-08-04',2018-02-01'
2017-08-04',2018-02-01'
2017-08-04',2018-02-01'
2017-08-04',2018-02-01'
2017-08-04',2018-02-01'
2017-08-04',2018-02-01'
2017-08-04',2018-02-01'
2017-08-04',2018-02-01'
2017-08-04',2018-02-01'
2017-08-04',2018-02-01'
2017-08-04',2018-02-01'
2017-08-04',2018-02-01'
2017-08-04',2018-02-01'
2017-08-04',2018-02-01'
2017-08-04',2018-02-01'
2017-08-04',2018-02-01'
2017-08-04',2018-02-01'
2017-08-04',2018-02-01'
2017-08-04',2018-02-01'
2017-08-04',2018-02-01'
2017-08-04',2018-02-01'
2017-08-04',2018-02-01'
2017-08-04',2018-02-01'
2017-08-04',2018-02-01'
2017-08-04',2018-02-01'
2017-08-04',2018-02-01'
2017-08-04',2018-02-01'
2017-08-04',2018-02-01'
2017-08-04',2018-02-01'
2017-08-04',2018-02-01'
2017-08-04',2018-02-01'
2017-08-04',2018-02-01'
2017-08-04',2018-02-01'
2017-08-04',2018-02-01'
2017-08-04',2018-02-01'
2017-08-04',2018-02-01'
2017-08-04',2018-02-01'
2017-08-04',2018-02-01'
2017-08-04',2018-02-01'
2017-08-04',2018-02-01'
2017-08-04',2018-02-01'
2017-08-04',2018-02-01'
2017-08-04',2018-02-01'
2017-08-04',2018-02-01'
2017-08-04',2018-02-01'
2017-08-04',2018-02-01'
2017-08-04',2018-02-01'
2017-08-04',2018-02-01'
2017-08-04',2018-02-01'
2017-08-04',2018-02-01'
2017-08-04',2018-02-01'
2017-08-04',2018-02-01'
2017-08-04',2018-02-01'
2018-02-02',2018-08-02'
2018-02-02',2018-08-02'
2018-02-02',2018-08-02'
2018-02-02',2018-08-02'
2018-02-02',2018-08-02'
2018-02-02',2018-08-02'
2018-02-02',2018-08-02'
2018-02-02',2018-08-02'
2018-02-02',2018-08-02'
2018-02-02',2018-08-02'
2018-02-02',2018-08-02'
2018-02-02',2018-08-02'
2018-02-02',2018-08-02'
2018-02-02',2018-08-02'
2018-02-02',2018-08-02'
2018-02-02',2018-08-02'
2018-02-02',2018-08-02'
2018-02-02',2018-08-02'
2018-02-02',2018-08-02'
2018-02-02',2018-08-02'
2018-02-02',2018-08-02'
2018-02-02',2018-08-02'
2018-02-02',2018-08-02'
2018-02-02',2018-08-02'
2018-02-02',2018-08-02'
2018-02-02',2018-08-02'
2018-02-02',2018-08-02'
2018-02-02',2018-08-02'
2018-02-02',2018-08-02'
2018-02-02',2018-08-02'
2018-02-02',2018-08-02'
2018-02-02',2018-08-02'
2018-02-02',2018-08-02'
2018-02-02',2018-08-02'
2018-02-02',2018-08-02'
2018-02-02',2018-08-02'
2018-02-02',2018-08-02'
2018-02-02',2018-08-02'
2018-02-02',2018-08-02'
2018-02-02',2018-08-02'
2018-02-02',2018-08-02'
2018-02-02',2018-08-02'
2018-02-02',2018-08-02'
2018-02-02',2018-08-02'
2018-02-02',2018-08-02'
2018-02-02',2018-08-02'
2018-02-02',2018-08-02'
2018-02-02',2018-08-02'
2018-02-02',2018-08-02'
2018-02-02',2018-08-02'
2018-02-02',2018-08-02'
2018-02-02',2018-08-02'
2018-02-02',2018-08-02'
2018-02-02',2018-08-02'
2018-02-02',2018-08-02'
2018-02-02',2018-08-02'
2018-02-02',2018-08-02'
2018-02-02',2018-08-02'
2018-02-02',2018-08-02'
2018-02-02',2018-08-02'
2018-02-02',2018-08-02'
2018-02-02',2018-08-02'
2018-02-02',2018-08-02'
2018-02-02',2018-08-02'
2018-02-02',2018-08-02'
2018-02-02',2018-08-02'
2018-02-02',2018-08-02'
2018-02-02',2018-08-02'
2018-02-02',2018-08-02'
2018-02-02',2018-08-02'
2018-02-02',2018-08-02'
2018-02-02',2018-08-02'
2018-02-02',2018-08-02'
2018-02-02',2018-08-02'
2018-02-02',2018-08-02'
2018-02-02',2018-08-02'
2018-02-02',2018-08-02'
2018-02-02',2018-08-02'
2018-02-02',2018-08-02'
2018-02-02',2018-08-02'
2018-02-02',2018-08-02'
2018-02-02',2018-08-02'
2018-02-02',2018-08-02'
2018-02-02',2018-08-02'
2018-02-02',2018-08-02'
2018-02-02',2018-08-02'
2018-02-02',2018-08-02'
2018-02-02',2018-08-02'
2018-02-02',2018-08-02'
2018-02-02',2018-08-02'
2018-02-02',2018-08-02'
2018-02-02',2018-08-02'
2018-02-02',2018-08-02'
2018-02-02',2018-08-02'
2018-02-02',2018-08-02'
2018-02-02',2018-08-02'
2018-02-02',2018-08-02'
2018-02-02',2018-08-02'
2018-02-02',2018-08-02'
2018-02-02',2018-08-02'
2018-02-02',2018-08-02'
2018-02-02',2018-08-02'
2018-02-02',2018-08-02'
2018-02-02',2018-08-02'
2018-02-02',2018-08-02'
2018-02-02',2018-08-02'
2018-02-02',2018-08-02'
2018-02-02',2018-08-02'
2018-02-02',2018-08-02'
2018-02-02',2018-08-02'
2018-02-02',2018-08-02'
2018-02-02',2018-08-02'
2018-02-02',2018-08-02'
2018-02-02',2018-08-02'
2018-02-02',2018-08-02'
2018-02-02',2018-08-02'
2018-02-02',2018-08-02'
2018-02-02',2018-08-02'
2018-02-02',2018-08-02'
2018-02-02',2018-08-02'
2018-02-02',2018-08-02'
2018-02-02',2018-08-02'
2018-02-02',2018-08-02'
2018-02-02',2018-08-02'
2018-08-03',2019-02-07'
2018-08-03',2019-02-07'
2018-08-03',2019-02-07'
2018-08-03',2019-02-07'
2018-08-03',2019-02-07'
2018-08-03',2019-02-07'
2018-08-03',2019-02-07'
2018-08-03',2019-02-07'
2018-08-03',2019-02-07'
2018-08-03',2019-02-07'
2018-08-03',2019-02-07'
2018-08-03',2019-02-07'
2018-08-03',2019-02-07'
2018-08-03',2019-02-07'
2018-08-03',2019-02-07'
2018-08-03',2019-02-07'
2018-08-03',2019-02-07'
2018-08-03',2019-02-07'
2018-08-03',2019-02-07'
2018-08-03',2019-02-07'
2018-08-03',2019-02-07'
2018-08-03',2019-02-07'
2018-08-03',2019-02-07'
2018-08-03',2019-02-07'
2018-08-03',2019-02-07'
2018-08-03',2019-02-07'
2018-08-03',2019-02-07'
2018-08-03',2019-02-07'
2018-08-03',2019-02-07'
2018-08-03',2019-02-07'
2018-08-03',2019-02-07'
2018-08-03',2019-02-07'
2018-08-03',2019-02-07'
2018-08-03',2019-02-07'
2018-08-03',2019-02-07'
2018-08-03',2019-02-07'
2018-08-03',2019-02-07'
2018-08-03',2019-02-07'
2018-08-03',2019-02-07'
2018-08-03',2019-02-07'
2018-08-03',2019-02-07'
2018-08-03',2019-02-07'
2018-08-03',2019-02-07'
2018-08-03',2019-02-07'
2018-08-03',2019-02-07'
2018-08-03',2019-02-07'
2018-08-03',2019-02-07'
2018-08-03',2019-02-07'
2018-08-03',2019-02-07'
2018-08-03',2019-02-07'
2018-08-03',2019-02-07'
2018-08-03',2019-02-07'
2018-08-03',2019-02-07'
2018-08-03',2019-02-07'
2018-08-03',2019-02-07'
2018-08-03',2019-02-07'
2018-08-03',2019-02-07'
2018-08-03',2019-02-07'
2018-08-03',2019-02-07'
2018-08-03',2019-02-07'
2018-08-03',2019-02-07'
2018-08-03',2019-02-07'
2018-08-03',2019-02-07'
2018-08-03',2019-02-07'
2018-08-03',2019-02-07'
2018-08-03',2019-02-07'
2018-08-03',2019-02-07'
2018-08-03',2019-02-07'
2018-08-03',2019-02-07'
2018-08-03',2019-02-07'
2018-08-03',2019-02-07'
2018-08-03',2019-02-07'
2018-08-03',2019-02-07'
2018-08-03',2019-02-07'
2018-08-03',2019-02-07'
2018-08-03',2019-02-07'
2018-08-03',2019-02-07'
2018-08-03',2019-02-07'
2018-08-03',2019-02-07'
2018-08-03',2019-02-07'
2018-08-03',2019-02-07'
2018-08-03',2019-02-07'
2018-08-03',2019-02-07'
2018-08-03',2019-02-07'
2018-08-03',2019-02-07'
2018-08-03',2019-02-07'
2018-08-03',2019-02-07'
2018-08-03',2019-02-07'
2018-08-03',2019-02-07'
2018-08-03',2019-02-07'
2018-08-03',2019-02-07'
2018-08-03',2019-02-07'
2018-08-03',2019-02-07'
2018-08-03',2019-02-07'
2018-08-03',2019-02-07'
2018-08-03',2019-02-07'
2018-08-03',2019-02-07'
2018-08-03',2019-02-07'
2018-08-03',2019-02-07'
2018-08-03',2019-02-07'
2018-08-03',2019-02-07'
2018-08-03',2019-02-07'
2018-08-03',2019-02-07'
2018-08-03',2019-02-07'
2018-08-03',2019-02-07'
2018-08-03',2019-02-07'
2018-08-03',2019-02-07'
2018-08-03',2019-02-07'
2018-08-03',2019-02-07'
2018-08-03',2019-02-07'
2018-08-03',2019-02-07'
2018-08-03',2019-02-07'
2018-08-03',2019-02-07'
2018-08-03',2019-02-07'
2018-08-03',2019-02-07'
2018-08-03',2019-02-07'
2018-08-03',2019-02-07'
2018-08-03',2019-02-07'
2018-08-03',2019-02-07'
2018-08-03',2019-02-07'
2018-08-03',2019-02-07'
2018-08-03',2019-02-07'
2018-08-03',2019-02-07'
2018-08-03',2019-02-07'
2019-02-08',2019-08-01'
2019-02-08',2019-08-01'
2019-02-08',2019-08-01'
2019-02-08',2019-08-01'
2019-02-08',2019-08-01'
2019-02-08',2019-08-01'
2019-02-08',2019-08-01'
2019-02-08',2019-08-01'
2019-02-08',2019-08-01'
2019-02-08',2019-08-01'
2019-02-08',2019-08-01'
2019-02-08',2019-08-01'
2019-02-08',2019-08-01'
2019-02-08',2019-08-01'
2019-02-08',2019-08-01'
2019-02-08',2019-08-01'
2019-02-08',2019-08-01'
2019-02-08',2019-08-01'
2019-02-08',2019-08-01'
2019-02-08',2019-08-01'
2019-02-08',2019-08-01'
2019-02-08',2019-08-01'
2019-02-08',2019-08-01'
2019-02-08',2019-08-01'
2019-02-08',2019-08-01'
2019-02-08',2019-08-01'
2019-02-08',2019-08-01'
2019-02-08',2019-08-01'
2019-02-08',2019-08-01'
2019-02-08',2019-08-01'
2019-02-08',2019-08-01'
2019-02-08',2019-08-01'
2019-02-08',2019-08-01'
2019-02-08',2019-08-01'
2019-02-08',2019-08-01'
2019-02-08',2019-08-01'
2019-02-08',2019-08-01'
2019-02-08',2019-08-01'
2019-02-08',2019-08-01'
2019-02-08',2019-08-01'
2019-02-08',2019-08-01'
2019-02-08',2019-08-01'
2019-02-08',2019-08-01'
2019-02-08',2019-08-01'
2019-02-08',2019-08-01'
2019-02-08',2019-08-01'
2019-02-08',2019-08-01'
2019-02-08',2019-08-01'
2019-02-08',2019-08-01'
2019-02-08',2019-08-01'
2019-02-08',2019-08-01'
2019-02-08',2019-08-01'
2019-02-08',2019-08-01'
2019-02-08',2019-08-01'
2019-02-08',2019-08-01'
2019-02-08',2019-08-01'
2019-02-08',2019-08-01'
2019-02-08',2019-08-01'
2019-02-08',2019-08-01'
2019-02-08',2019-08-01'
2019-02-08',2019-08-01'
2019-02-08',2019-08-01'
2019-02-08',2019-08-01'
2019-02-08',2019-08-01'
2019-02-08',2019-08-01'
2019-02-08',2019-08-01'
2019-02-08',2019-08-01'
2019-02-08',2019-08-01'
2019-02-08',2019-08-01'
2019-02-08',2019-08-01'
2019-02-08',2019-08-01'
2019-02-08',2019-08-01'
2019-02-08',2019-08-01'
2019-02-08',2019-08-01'
2019-02-08',2019-08-01'
2019-02-08',2019-08-01'
2019-02-08',2019-08-01'
2019-02-08',2019-08-01'
2019-02-08',2019-08-01'
2019-02-08',2019-08-01'
2019-02-08',2019-08-01'
2019-02-08',2019-08-01'
2019-02-08',2019-08-01'
2019-02-08',2019-08-01'
2019-02-08',2019-08-01'
2019-02-08',2019-08-01'
2019-02-08',2019-08-01'
2019-02-08',2019-08-01'
2019-02-08',2019-08-01'
2019-02-08',2019-08-01'
2019-02-08',2019-08-01'
2019-02-08',2019-08-01'
2019-02-08',2019-08-01'
2019-02-08',2019-08-01'
2019-02-08',2019-08-01'
2019-02-08',2019-08-01'
2019-02-08',2019-08-01'
2019-02-08',2019-08-01'
2019-02-08',2019-08-01'
2019-02-08',2019-08-01'
2019-02-08',2019-08-01'
2019-02-08',2019-08-01'
2019-02-08',2019-08-01'
2019-02-08',2019-08-01'
2019-02-08',2019-08-01'
2019-02-08',2019-08-01'
2019-02-08',2019-08-01'
2019-02-08',2019-08-01'
2019-02-08',2019-08-01'
2019-02-08',2019-08-01'
2019-02-08',2019-08-01'
2019-02-08',2019-08-01'
2019-02-08',2019-08-01'
2019-02-08',2019-08-01'
2019-02-08',2019-08-01'
2019-02-08',2019-08-01'
2019-02-08',2019-08-01'
2019-02-08',2019-08-01'
2019-02-08',2019-08-01'
2019-02-08',2019-08-01'
2019-02-08',2019-08-01'
2019-02-08',2019-08-01'
2019-02-08',2019-08-01'
2019-02-08',2019-08-01'
2019-02-08',2019-08-01'
2019-02-08',2019-08-01'
2019-08-02',2020-02-06'
2019-08-02',2020-02-06'
2019-08-02',2020-02-06'
2019-08-02',2020-02-06'
2019-08-02',2020-02-06'
2019-08-02',2020-02-06'
2019-08-02',2020-02-06'
2019-08-02',2020-02-06'
2019-08-02',2020-02-06'
2019-08-02',2020-02-06'
2019-08-02',2020-02-06'
2019-08-02',2020-02-06'
2019-08-02',2020-02-06'
2019-08-02',2020-02-06'
2019-08-02',2020-02-06'
2019-08-02',2020-02-06'
2019-08-02',2020-02-06'
2019-08-02',2020-02-06'
2019-08-02',2020-02-06'
2019-08-02',2020-02-06'
2019-08-02',2020-02-06'
2019-08-02',2020-02-06'
2019-08-02',2020-02-06'
2019-08-02',2020-02-06'
2019-08-02',2020-02-06'
2019-08-02',2020-02-06'
2019-08-02',2020-02-06'
2019-08-02',2020-02-06'
2019-08-02',2020-02-06'
2019-08-02',2020-02-06'
2019-08-02',2020-02-06'
2019-08-02',2020-02-06'
2019-08-02',2020-02-06'
2019-08-02',2020-02-06'
2019-08-02',2020-02-06'
2019-08-02',2020-02-06'
2019-08-02',2020-02-06'
2019-08-02',2020-02-06'
2019-08-02',2020-02-06'
2019-08-02',2020-02-06'
2019-08-02',2020-02-06'
2019-08-02',2020-02-06'
2019-08-02',2020-02-06'
2019-08-02',2020-02-06'
2019-08-02',2020-02-06'
2019-08-02',2020-02-06'
2019-08-02',2020-02-06'
2019-08-02',2020-02-06'
2019-08-02',2020-02-06'
2019-08-02',2020-02-06'
2019-08-02',2020-02-06'
2019-08-02',2020-02-06'
2019-08-02',2020-02-06'
2019-08-02',2020-02-06'
2019-08-02',2020-02-06'
2019-08-02',2020-02-06'
2019-08-02',2020-02-06'
2019-08-02',2020-02-06'
2019-08-02',2020-02-06'
2019-08-02',2020-02-06'
2019-08-02',2020-02-06'
2019-08-02',2020-02-06'
2019-08-02',2020-02-06'
2019-08-02',2020-02-06'
2019-08-02',2020-02-06'
2019-08-02',2020-02-06'
2019-08-02',2020-02-06'
2019-08-02',2020-02-06'
2019-08-02',2020-02-06'
2019-08-02',2020-02-06'
2019-08-02',2020-02-06'
2019-08-02',2020-02-06'
2019-08-02',2020-02-06'
2019-08-02',2020-02-06'
2019-08-02',2020-02-06'
2019-08-02',2020-02-06'
2019-08-02',2020-02-06'
2019-08-02',2020-02-06'
2019-08-02',2020-02-06'
2019-08-02',2020-02-06'
2019-08-02',2020-02-06'
2019-08-02',2020-02-06'
2019-08-02',2020-02-06'
2019-08-02',2020-02-06'
2019-08-02',2020-02-06'
2019-08-02',2020-02-06'
2019-08-02',2020-02-06'
2019-08-02',2020-02-06'
2019-08-02',2020-02-06'
2019-08-02',2020-02-06'
2019-08-02',2020-02-06'
2019-08-02',2020-02-06'
2019-08-02',2020-02-06'
2019-08-02',2020-02-06'
2019-08-02',2020-02-06'
2019-08-02',2020-02-06'
2019-08-02',2020-02-06'
2019-08-02',2020-02-06'
2019-08-02',2020-02-06'
2019-08-02',2020-02-06'
2019-08-02',2020-02-06'
2019-08-02',2020-02-06'
2019-08-02',2020-02-06'
2019-08-02',2020-02-06'
2019-08-02',2020-02-06'
2019-08-02',2020-02-06'
2019-08-02',2020-02-06'
2019-08-02',2020-02-06'
2019-08-02',2020-02-06'
2019-08-02',2020-02-06'
2019-08-02',2020-02-06'
2019-08-02',2020-02-06'
2019-08-02',2020-02-06'
2019-08-02',2020-02-06'
2019-08-02',2020-02-06'
2019-08-02',2020-02-06'
2019-08-02',2020-02-06'
2019-08-02',2020-02-06'
2019-08-02',2020-02-06'
2019-08-02',2020-02-06'
2019-08-02',2020-02-06'
2019-08-02',2020-02-06'
2019-08-02',2020-02-06'
2019-08-02',2020-02-06'
2019-08-02',2020-02-06'
2019-08-02',2020-02-06'
2020-02-07',2020-08-06'
2020-02-07',2020-08-06'
2020-02-07',2020-08-06'
2020-02-07',2020-08-06'
2020-02-07',2020-08-06'
2020-02-07',2020-08-06'
2020-02-07',2020-08-06'
2020-02-07',2020-08-06'
2020-02-07',2020-08-06'
2020-02-07',2020-08-06'
2020-02-07',2020-08-06'
2020-02-07',2020-08-06'
2020-02-07',2020-08-06'
2020-02-07',2020-08-06'
2020-02-07',2020-08-06'
2020-02-07',2020-08-06'
2020-02-07',2020-08-06'
2020-02-07',2020-08-06'
2020-02-07',2020-08-06'
2020-02-07',2020-08-06'
2020-02-07',2020-08-06'
2020-02-07',2020-08-06'
2020-02-07',2020-08-06'
2020-02-07',2020-08-06'
2020-02-07',2020-08-06'
2020-02-07',2020-08-06'
2020-02-07',2020-08-06'
2020-02-07',2020-08-06'
2020-02-07',2020-08-06'
2020-02-07',2020-08-06'
2020-02-07',2020-08-06'
2020-02-07',2020-08-06'
2020-02-07',2020-08-06'
2020-02-07',2020-08-06'
2020-02-07',2020-08-06'
2020-02-07',2020-08-06'
2020-02-07',2020-08-06'
2020-02-07',2020-08-06'
2020-02-07',2020-08-06'
2020-02-07',2020-08-06'
2020-02-07',2020-08-06'
2020-02-07',2020-08-06'
2020-02-07',2020-08-06'
2020-02-07',2020-08-06'
2020-02-07',2020-08-06'
2020-02-07',2020-08-06'
2020-02-07',2020-08-06'
2020-02-07',2020-08-06'
2020-02-07',2020-08-06'
2020-02-07',2020-08-06'
2020-02-07',2020-08-06'
2020-02-07',2020-08-06'
2020-02-07',2020-08-06'
2020-02-07',2020-08-06'
2020-02-07',2020-08-06'
2020-02-07',2020-08-06'
2020-02-07',2020-08-06'
2020-02-07',2020-08-06'
2020-02-07',2020-08-06'
2020-02-07',2020-08-06'
2020-02-07',2020-08-06'
2020-02-07',2020-08-06'
2020-02-07',2020-08-06'
2020-02-07',2020-08-06'
2020-02-07',2020-08-06'
2020-02-07',2020-08-06'
2020-02-07',2020-08-06'
2020-02-07',2020-08-06'
2020-02-07',2020-08-06'
2020-02-07',2020-08-06'
2020-02-07',2020-08-06'
2020-02-07',2020-08-06'
2020-02-07',2020-08-06'
2020-02-07',2020-08-06'
2020-02-07',2020-08-06'
2020-02-07',2020-08-06'
2020-02-07',2020-08-06'
2020-02-07',2020-08-06'
2020-02-07',2020-08-06'
2020-02-07',2020-08-06'
2020-02-07',2020-08-06'
2020-02-07',2020-08-06'
2020-02-07',2020-08-06'
2020-02-07',2020-08-06'
2020-02-07',2020-08-06'
2020-02-07',2020-08-06'
2020-02-07',2020-08-06'
2020-02-07',2020-08-06'
2020-02-07',2020-08-06'
2020-02-07',2020-08-06'
2020-02-07',2020-08-06'
2020-02-07',2020-08-06'
2020-02-07',2020-08-06'
2020-02-07',2020-08-06'
2020-02-07',2020-08-06'
2020-02-07',2020-08-06'
2020-02-07',2020-08-06'
2020-02-07',2020-08-06'
2020-02-07',2020-08-06'
2020-02-07',2020-08-06'
2020-02-07',2020-08-06'
2020-02-07',2020-08-06'
2020-02-07',2020-08-06'
2020-02-07',2020-08-06'
2020-02-07',2020-08-06'
2020-02-07',2020-08-06'
2020-02-07',2020-08-06'
2020-02-07',2020-08-06'
2020-02-07',2020-08-06'
2020-02-07',2020-08-06'
2020-02-07',2020-08-06'
2020-02-07',2020-08-06'
2020-02-07',2020-08-06'
2020-02-07',2020-08-06'
2020-02-07',2020-08-06'
2020-02-07',2020-08-06'
2020-02-07',2020-08-06'
2020-02-07',2020-08-06'
2020-02-07',2020-08-06'
2020-02-07',2020-08-06'
2020-02-07',2020-08-06'
2020-02-07',2020-08-06'
2020-02-07',2020-08-06'
2020-02-07',2020-08-06'
2020-02-07',2020-08-06'
2020-02-07',2020-08-06'
2020-02-07',2020-08-06'
2020-08-07',2021-02-04'
2020-08-07',2021-02-04'
2020-08-07',2021-02-04'
2020-08-07',2021-02-04'
2020-08-07',2021-02-04'
2020-08-07',2021-02-04'
2020-08-07',2021-02-04'
2020-08-07',2021-02-04'
2020-08-07',2021-02-04'
2020-08-07',2021-02-04'
2020-08-07',2021-02-04'
2020-08-07',2021-02-04'
2020-08-07',2021-02-04'
2020-08-07',2021-02-04'
2020-08-07',2021-02-04'
2020-08-07',2021-02-04'
2020-08-07',2021-02-04'
2020-08-07',2021-02-04'
2020-08-07',2021-02-04'
2020-08-07',2021-02-04'
2020-08-07',2021-02-04'
2020-08-07',2021-02-04'
2020-08-07',2021-02-04'
2020-08-07',2021-02-04'
2020-08-07',2021-02-04'
2020-08-07',2021-02-04'
2020-08-07',2021-02-04'
2020-08-07',2021-02-04'
2020-08-07',2021-02-04'
2020-08-07',2021-02-04'
2020-08-07',2021-02-04'
2020-08-07',2021-02-04'
2020-08-07',2021-02-04'
2020-08-07',2021-02-04'
2020-08-07',2021-02-04'
2020-08-07',2021-02-04'
2020-08-07',2021-02-04'
2020-08-07',2021-02-04'
2020-08-07',2021-02-04'
2020-08-07',2021-02-04'
2020-08-07',2021-02-04'
2020-08-07',2021-02-04'
2020-08-07',2021-02-04'
2020-08-07',2021-02-04'
2020-08-07',2021-02-04'
2020-08-07',2021-02-04'
2020-08-07',2021-02-04'
2020-08-07',2021-02-04'
2020-08-07',2021-02-04'
2020-08-07',2021-02-04'
2020-08-07',2021-02-04'
2020-08-07',2021-02-04'
2020-08-07',2021-02-04'
2020-08-07',2021-02-04'
2020-08-07',2021-02-04'
2020-08-07',2021-02-04'
2020-08-07',2021-02-04'
2020-08-07',2021-02-04'
2020-08-07',2021-02-04'
2020-08-07',2021-02-04'
2020-08-07',2021-02-04'
2020-08-07',2021-02-04'
2020-08-07',2021-02-04'
2020-08-07',2021-02-04'
2020-08-07',2021-02-04'
2020-08-07',2021-02-04'
2020-08-07',2021-02-04'
2020-08-07',2021-02-04'
2020-08-07',2021-02-04'
2020-08-07',2021-02-04'
2020-08-07',2021-02-04'
2020-08-07',2021-02-04'
2020-08-07',2021-02-04'
2020-08-07',2021-02-04'
2020-08-07',2021-02-04'
2020-08-07',2021-02-04'
2020-08-07',2021-02-04'
2020-08-07',2021-02-04'
2020-08-07',2021-02-04'
2020-08-07',2021-02-04'
2020-08-07',2021-02-04'
2020-08-07',2021-02-04'
2020-08-07',2021-02-04'
2020-08-07',2021-02-04'
2020-08-07',2021-02-04'
2020-08-07',2021-02-04'
2020-08-07',2021-02-04'
2020-08-07',2021-02-04'
2020-08-07',2021-02-04'
2020-08-07',2021-02-04'
2020-08-07',2021-02-04'
2020-08-07',2021-02-04'
2020-08-07',2021-02-04'
2020-08-07',2021-02-04'
2020-08-07',2021-02-04'
2020-08-07',2021-02-04'
2020-08-07',2021-02-04'
2020-08-07',2021-02-04'
2020-08-07',2021-02-04'
2020-08-07',2021-02-04'
2020-08-07',2021-02-04'
2020-08-07',2021-02-04'
2020-08-07',2021-02-04'
2020-08-07',2021-02-04'
2020-08-07',2021-02-04'
2020-08-07',2021-02-04'
2020-08-07',2021-02-04'
2020-08-07',2021-02-04'
2020-08-07',2021-02-04'
2020-08-07',2021-02-04'
2020-08-07',2021-02-04'
2020-08-07',2021-02-04'
2020-08-07',2021-02-04'
2020-08-07',2021-02-04'
2020-08-07',2021-02-04'
2020-08-07',2021-02-04'
2020-08-07',2021-02-04'
2020-08-07',2021-02-04'
2020-08-07',2021-02-04'
2020-08-07',2021-02-04'
2020-08-07',2021-02-04'
2020-08-07',2021-02-04'
2020-08-07',2021-02-04'
2020-08-07',2021-02-04'
2020-08-07',2021-02-04'
2020-08-07',2021-02-04'
2020-08-07',2021-02-04'
2020-08-07',2021-02-04'
2020-08-07',2021-02-04'
2021-02-05',2021-08-05'
2021-02-05',2021-08-05'
2021-02-05',2021-08-05'
2021-02-05',2021-08-05'
2021-02-05',2021-08-05'
2021-02-05',2021-08-05'
2021-02-05',2021-08-05'
2021-02-05',2021-08-05'
2021-02-05',2021-08-05'
2021-02-05',2021-08-05'
2021-02-05',2021-08-05'
2021-02-05',2021-08-05'
2021-02-05',2021-08-05'
2021-02-05',2021-08-05'
2021-02-05',2021-08-05'
2021-02-05',2021-08-05'
2021-02-05',2021-08-05'
2021-02-05',2021-08-05'
2021-02-05',2021-08-05'
2021-02-05',2021-08-05'
2021-02-05',2021-08-05'
2021-02-05',2021-08-05'
2021-02-05',2021-08-05'
2021-02-05',2021-08-05'
2021-02-05',2021-08-05'
2021-02-05',2021-08-05'
2021-02-05',2021-08-05'
2021-02-05',2021-08-05'
2021-02-05',2021-08-05'
2021-02-05',2021-08-05'
2021-02-05',2021-08-05'
2021-02-05',2021-08-05'
2021-02-05',2021-08-05'
2021-02-05',2021-08-05'
2021-02-05',2021-08-05'
2021-02-05',2021-08-05'
2021-02-05',2021-08-05'
2021-02-05',2021-08-05'
2021-02-05',2021-08-05'
2021-02-05',2021-08-05'
2021-02-05',2021-08-05'
2021-02-05',2021-08-05'
2021-02-05',2021-08-05'
2021-02-05',2021-08-05'
2021-02-05',2021-08-05'
2021-02-05',2021-08-05'
2021-02-05',2021-08-05'
2021-02-05',2021-08-05'
2021-02-05',2021-08-05'
2021-02-05',2021-08-05'
2021-02-05',2021-08-05'
2021-02-05',2021-08-05'
2021-02-05',2021-08-05'
2021-02-05',2021-08-05'
2021-02-05',2021-08-05'
2021-02-05',2021-08-05'
2021-02-05',2021-08-05'
2021-02-05',2021-08-05'
2021-02-05',2021-08-05'
2021-02-05',2021-08-05'
2021-02-05',2021-08-05'
2021-02-05',2021-08-05'
2021-02-05',2021-08-05'
2021-02-05',2021-08-05'
2021-02-05',2021-08-05'
2021-02-05',2021-08-05'
2021-02-05',2021-08-05'
2021-02-05',2021-08-05'
2021-02-05',2021-08-05'
2021-02-05',2021-08-05'
2021-02-05',2021-08-05'
2021-02-05',2021-08-05'
2021-02-05',2021-08-05'
2021-02-05',2021-08-05'
2021-02-05',2021-08-05'
2021-02-05',2021-08-05'
2021-02-05',2021-08-05'
2021-02-05',2021-08-05'
2021-02-05',2021-08-05'
2021-02-05',2021-08-05'
2021-02-05',2021-08-05'
2021-02-05',2021-08-05'
2021-02-05',2021-08-05'
2021-02-05',2021-08-05'
2021-02-05',2021-08-05'
2021-02-05',2021-08-05'
2021-02-05',2021-08-05'
2021-02-05',2021-08-05'
2021-02-05',2021-08-05'
2021-02-05',2021-08-05'
2021-02-05',2021-08-05'
2021-02-05',2021-08-05'
2021-02-05',2021-08-05'
2021-02-05',2021-08-05'
2021-02-05',2021-08-05'
2021-02-05',2021-08-05'
2021-02-05',2021-08-05'
2021-02-05',2021-08-05'
2021-02-05',2021-08-05'
2021-02-05',2021-08-05'
2021-02-05',2021-08-05'
2021-02-05',2021-08-05'
2021-02-05',2021-08-05'
2021-02-05',2021-08-05'
2021-02-05',2021-08-05'
2021-02-05',2021-08-05'
2021-02-05',2021-08-05'
2021-02-05',2021-08-05'
2021-02-05',2021-08-05'
2021-02-05',2021-08-05'
2021-02-05',2021-08-05'
2021-02-05',2021-08-05'
2021-02-05',2021-08-05'
2021-02-05',2021-08-05'
2021-02-05',2021-08-05'
2021-02-05',2021-08-05'
2021-02-05',2021-08-05'
2021-02-05',2021-08-05'
2021-02-05',2021-08-05'
2021-02-05',2021-08-05'
2021-02-05',2021-08-05'
2021-02-05',2021-08-05'
2021-02-05',2021-08-05'
2021-02-05',2021-08-05'
2021-02-05',2021-08-05'
2021-02-05',2021-08-05'
2021-02-05',2021-08-05'
2021-02-05',2021-08-05'
2021-02-05',2021-08-05'
2021-02-05',2021-08-05'
2021-08-06',2022-02-03'
2021-08-06',2022-02-03'
2021-08-06',2022-02-03'
2021-08-06',2022-02-03'
2021-08-06',2022-02-03'
2021-08-06',2022-02-03'
2021-08-06',2022-02-03'
2021-08-06',2022-02-03'
2021-08-06',2022-02-03'
2021-08-06',2022-02-03'
2021-08-06',2022-02-03'
2021-08-06',2022-02-03'
2021-08-06',2022-02-03'
2021-08-06',2022-02-03'
2021-08-06',2022-02-03'
2021-08-06',2022-02-03'
2021-08-06',2022-02-03'
2021-08-06',2022-02-03'
2021-08-06',2022-02-03'
2021-08-06',2022-02-03'
2021-08-06',2022-02-03'
2021-08-06',2022-02-03'
2021-08-06',2022-02-03'
2021-08-06',2022-02-03'
2021-08-06',2022-02-03'
2021-08-06',2022-02-03'
2021-08-06',2022-02-03'
2021-08-06',2022-02-03'
2021-08-06',2022-02-03'
2021-08-06',2022-02-03'
2021-08-06',2022-02-03'
2021-08-06',2022-02-03'
2021-08-06',2022-02-03'
2021-08-06',2022-02-03'
2021-08-06',2022-02-03'
2021-08-06',2022-02-03'
2021-08-06',2022-02-03'
2021-08-06',2022-02-03'
2021-08-06',2022-02-03'
2021-08-06',2022-02-03'
2021-08-06',2022-02-03'
2021-08-06',2022-02-03'
2021-08-06',2022-02-03'
2021-08-06',2022-02-03'
2021-08-06',2022-02-03'
2021-08-06',2022-02-03'
2021-08-06',2022-02-03'
2021-08-06',2022-02-03'
2021-08-06',2022-02-03'
2021-08-06',2022-02-03'
2021-08-06',2022-02-03'
2021-08-06',2022-02-03'
2021-08-06',2022-02-03'
2021-08-06',2022-02-03'
2021-08-06',2022-02-03'
2021-08-06',2022-02-03'
2021-08-06',2022-02-03'
2021-08-06',2022-02-03'
2021-08-06',2022-02-03'
2021-08-06',2022-02-03'
2021-08-06',2022-02-03'
2021-08-06',2022-02-03'
2021-08-06',2022-02-03'
2021-08-06',2022-02-03'
2021-08-06',2022-02-03'
2021-08-06',2022-02-03'
2021-08-06',2022-02-03'
2021-08-06',2022-02-03'
2021-08-06',2022-02-03'
2021-08-06',2022-02-03'
2021-08-06',2022-02-03'
2021-08-06',2022-02-03'
2021-08-06',2022-02-03'
2021-08-06',2022-02-03'
2021-08-06',2022-02-03'
2021-08-06',2022-02-03'
2021-08-06',2022-02-03'
2021-08-06',2022-02-03'
2021-08-06',2022-02-03'
2021-08-06',2022-02-03'
2021-08-06',2022-02-03'
2021-08-06',2022-02-03'
2021-08-06',2022-02-03'
2021-08-06',2022-02-03'
2021-08-06',2022-02-03'
2021-08-06',2022-02-03'
2021-08-06',2022-02-03'
2021-08-06',2022-02-03'
2021-08-06',2022-02-03'
2021-08-06',2022-02-03'
2021-08-06',2022-02-03'
2021-08-06',2022-02-03'
2021-08-06',2022-02-03'
2021-08-06',2022-02-03'
2021-08-06',2022-02-03'
2021-08-06',2022-02-03'
2021-08-06',2022-02-03'
2021-08-06',2022-02-03'
2021-08-06',2022-02-03'
2021-08-06',2022-02-03'
2021-08-06',2022-02-03'
2021-08-06',2022-02-03'
2021-08-06',2022-02-03'
2021-08-06',2022-02-03'
2021-08-06',2022-02-03'
2021-08-06',2022-02-03'
2021-08-06',2022-02-03'
2021-08-06',2022-02-03'
2021-08-06',2022-02-03'
2021-08-06',2022-02-03'
2021-08-06',2022-02-03'
2021-08-06',2022-02-03'
2021-08-06',2022-02-03'
2021-08-06',2022-02-03'
2021-08-06',2022-02-03'
2021-08-06',2022-02-03'
2021-08-06',2022-02-03'
2021-08-06',2022-02-03'
2021-08-06',2022-02-03'
2021-08-06',2022-02-03'
2021-08-06',2022-02-03'
2021-08-06',2022-02-03'
2021-08-06',2022-02-03'
2021-08-06',2022-02-03'
2021-08-06',2022-02-03'
2022-02-04',2022-08-04'
2022-02-04',2022-08-04'
2022-02-04',2022-08-04'
2022-02-04',2022-08-04'
2022-02-04',2022-08-04'
2022-02-04',2022-08-04'
2022-02-04',2022-08-04'
2022-02-04',2022-08-04'
2022-02-04',2022-08-04'
2022-02-04',2022-08-04'
2022-02-04',2022-08-04'
2022-02-04',2022-08-04'
2022-02-04',2022-08-04'
2022-02-04',2022-08-04'
2022-02-04',2022-08-04'
2022-02-04',2022-08-04'
2022-02-04',2022-08-04'
2022-02-04',2022-08-04'
2022-02-04',2022-08-04'
2022-02-04',2022-08-04'
2022-02-04',2022-08-04'
2022-02-04',2022-08-04'
2022-02-04',2022-08-04'
2022-02-04',2022-08-04'
2022-02-04',2022-08-04'
2022-02-04',2022-08-04'
2022-02-04',2022-08-04'
2022-02-04',2022-08-04'
2022-02-04',2022-08-04'
2022-02-04',2022-08-04'
2022-02-04',2022-08-04'
2022-02-04',2022-08-04'
2022-02-04',2022-08-04'
2022-02-04',2022-08-04'
2022-02-04',2022-08-04'
2022-02-04',2022-08-04'
2022-02-04',2022-08-04'
2022-02-04',2022-08-04'
2022-02-04',2022-08-04'
2022-02-04',2022-08-04'
2022-02-04',2022-08-04'
2022-02-04',2022-08-04'
2022-02-04',2022-08-04'
2022-02-04',2022-08-04'
2022-02-04',2022-08-04'
2022-02-04',2022-08-04'
2022-02-04',2022-08-04'
2022-02-04',2022-08-04'
2022-02-04',2022-08-04'
2022-02-04',2022-08-04'
2022-02-04',2022-08-04'
2022-02-04',2022-08-04'
2022-02-04',2022-08-04'
2022-02-04',2022-08-04'
2022-02-04',2022-08-04'
2022-02-04',2022-08-04'
2022-02-04',2022-08-04'
2022-02-04',2022-08-04'
2022-02-04',2022-08-04'
2022-02-04',2022-08-04'
2022-02-04',2022-08-04'
2022-02-04',2022-08-04'
2022-02-04',2022-08-04'
2022-02-04',2022-08-04'
2022-02-04',2022-08-04'
2022-02-04',2022-08-04'
2022-02-04',2022-08-04'
2022-02-04',2022-08-04'
2022-02-04',2022-08-04'
2022-02-04',2022-08-04'
2022-02-04',2022-08-04'
2022-02-04',2022-08-04'
2022-02-04',2022-08-04'
2022-02-04',2022-08-04'
2022-02-04',2022-08-04'
2022-02-04',2022-08-04'
2022-02-04',2022-08-04'
2022-02-04',2022-08-04'
2022-02-04',2022-08-04'
2022-02-04',2022-08-04'
2022-02-04',2022-08-04'
2022-02-04',2022-08-04'
2022-02-04',2022-08-04'
2022-02-04',2022-08-04'
2022-02-04',2022-08-04'
2022-02-04',2022-08-04'
2022-02-04',2022-08-04'
2022-02-04',2022-08-04'
2022-02-04',2022-08-04'
2022-02-04',2022-08-04'
2022-02-04',2022-08-04'
2022-02-04',2022-08-04'
2022-02-04',2022-08-04'
2022-02-04',2022-08-04'
2022-02-04',2022-08-04'
2022-02-04',2022-08-04'
2022-02-04',2022-08-04'
2022-02-04',2022-08-04'
2022-02-04',2022-08-04'
2022-02-04',2022-08-04'
2022-02-04',2022-08-04'
2022-02-04',2022-08-04'
2022-02-04',2022-08-04'
2022-02-04',2022-08-04'
2022-02-04',2022-08-04'
2022-02-04',2022-08-04'
2022-02-04',2022-08-04'
2022-02-04',2022-08-04'
2022-02-04',2022-08-04'
2022-02-04',2022-08-04'
2022-02-04',2022-08-04'
2022-02-04',2022-08-04'
2022-02-04',2022-08-04'
2022-02-04',2022-08-04'
2022-02-04',2022-08-04'
2022-02-04',2022-08-04'
2022-02-04',2022-08-04'
2022-02-04',2022-08-04'
2022-02-04',2022-08-04'
2022-02-04',2022-08-04'
2022-02-04',2022-08-04'
2022-02-04',2022-08-04'
2022-02-04',2022-08-04'
2022-02-04',2022-08-04'
2022-02-04',2022-08-04'
2022-08-05',2022-12-31'
