Date,Balance,Minimal balance,NIS,loaned NIS,Open Energy,Energy_index,loaned_Energy_index,Open Real Estate,Real_Estate_index,loaned_Real_Estate_index,Open Consumer Cyclical,Consumer_Cyclical_index,loaned_Consumer_Cyclical_index,Open Indices,Pos All,Pos Energy,Actions Energy,Return rate Energy,Return rate with comm Energy,Pos Real Estate,Actions Real Estate,Return rate Real Estate,Return rate with comm Real Estate,Pos Consumer Cyclical,Actions Consumer Cyclical,Return rate Consumer Cyclical,Return rate with comm Consumer Cyclical
2010-02-04,10000000.0,10000000.0,10000000.0,0.0,80809.893297006,0.0,0.0,39473.9034981,0.0,0.0,9484.285864899999,0.0,0.0,129768.082660006,129768.082660006,80809.893297006,OPEN_LONG,,,39473.9034981,OPEN_SHORT,,,9484.285864899999,OPEN_SHORT,,
2010-02-04,9997410.314061252,9986222.940511744,10473534.664588712,0.0,80313.87800534,6.0,0.0,39147.7531976,-12.0,0.0,9211.973211100001,-53.0,0.0,128673.60441404,128173.60441404,80813.87800534,,,,38647.7531976,,,,8711.973211100001,,,
2010-02-05,10000888.709487928,9993946.527071241,10473534.664588712,0.0,81613.654952886,6.0,0.0,38897.6971832,-12.0,0.0,9350.104124899999,-53.0,0.0,129861.456260986,129361.456260986,82113.654952886,,,,38397.6971832,,,,8850.104124899999,,,
2010-02-06,9998315.753378522,9992173.783906125,10473534.664588712,0.0,80028.668715885,6.0,0.0,38824.0252509,-12.0,0.0,9235.8984999,-53.0,0.0,128088.59246668499,127588.59246668499,80528.668715885,0,-0.020896748798853722,-0.021292569449093954,38324.0252509,0,0.006032135999991427,0.005633342427191425,8735.8984999,0,0.007361338713688314,0.006962810981431053
2010-02-07,9991431.423859848,9991431.423859848,9991431.423859848,0.0,80439.97155922801,0.0,0.0,38957.0969926,0.0,0.0,9265.579578,0.0,0.0,128662.64812982801,128662.64812982801,80439.97155922801,OPEN_LONG,,,38957.0969926,OPEN_SHORT,,,9265.579578,OPEN_SHORT,,
2010-02-08,9991303.817180876,9983612.605738541,10464104.80270334,0.0,81051.684178106,6.0,0.0,38826.0298337,-12.0,0.0,9305.636463899998,-53.0,0.0,129183.350475706,128683.350475706,81551.684178106,0,-0.008579035805508728,-0.008977319998347626,38326.0298337,0,-0.0014395650027954406,-0.001839852915796,8805.636463899998,0,-0.005966220667413507,-0.0063674139115469895
2010-02-11,9978909.238711916,9978909.238711916,9978909.238711916,0.0,80217.82364038001,0.0,0.0,39105.7525399,0.0,0.0,9397.399,0.0,0.0,128720.97518028002,128720.97518028002,80217.82364038001,,,,39105.7525399,,,,9397.399,,,
2010-02-12,9978909.238711916,9978909.238711916,9978909.238711916,0.0,81188.57594465799,0.0,0.0,39033.9682082,0.0,0.0,9408.7593139,0.0,0.0,129631.30346675799,129631.30346675799,81188.57594465799,,,,39033.9682082,,,,9408.7593139,,,
2010-02-13,9978909.238711916,9978909.238711916,9978909.238711916,0.0,82795.197718314,0.0,0.0,39128.2297654,0.0,0.0,9472.719324099999,0.0,0.0,131396.146807814,131396.146807814,82795.197718314,,,,39128.2297654,,,,9472.719324099999,,,
2010-02-14,9978909.238711916,9978909.238711916,9978909.238711916,0.0,83002.86667779101,0.0,0.0,39244.3142167,0.0,0.0,9551.097737,0.0,0.0,131798.278631491,131798.278631491,83002.86667779101,,,,39244.3142167,,,,9551.097737,,,
2010-02-15,9978909.238711916,9978909.238711916,9978909.238711916,0.0,81399.024114394,0.0,0.0,39103.6093194,0.0,0.0,9500.7931111,0.0,0.0,130003.42654489398,130003.42654489398,81399.024114394,,,,39103.6093194,,,,9500.7931111,,,
2010-02-18,9978909.238711916,9978909.238711916,9978909.238711916,0.0,81142.23213710802,0.0,0.0,39183.6675568,0.0,0.0,9562.8836519,0.0,0.0,129888.78334580801,129888.78334580801,81142.23213710802,,,,39183.6675568,,,,9562.8836519,,,
2010-02-19,9978909.238711916,9978909.238711916,9978909.238711916,0.0,83175.380541017,0.0,0.0,39861.5973507,0.0,0.0,9527.9267121,0.0,0.0,132564.904603817,132564.904603817,83175.380541017,,,,39861.5973507,,,,9527.9267121,,,
2010-02-20,9978909.238711916,9978909.238711916,9978909.238711916,0.0,82399.730351096,0.0,0.0,40016.508819,0.0,0.0,9512.023757100002,0.0,0.0,131928.26292719602,131928.26292719602,82399.730351096,,,,40016.508819,,,,9512.023757100002,,,
2010-02-21,9978909.238711916,9978909.238711916,9978909.238711916,0.0,84471.852180689,0.0,0.0,40253.69702099999,0.0,0.0,9632.917205900001,0.0,0.0,134358.466407589,134358.466407589,84471.852180689,,,,40253.69702099999,,,,9632.917205900001,,,
2010-02-22,9978909.238711916,9978909.238711916,9978909.238711916,0.0,83257.634018053,0.0,0.0,39889.4806822,0.0,0.0,9535.0754701,0.0,0.0,132682.190170353,132682.190170353,83257.634018053,OPEN_LONG,,,39889.4806822,OPEN_SHORT,,,9535.0754701,OPEN_SHORT,,
2010-02-26,9977435.312269345,9977159.55068912,10533215.86644539,0.0,85734.790538951,5.0,0.0,40152.6639398,-12.0,0.0,9665.8180691,-52.0,0.0,135553.272547851,135053.272547851,86234.790538951,,,,39652.6639398,,,,9165.8180691,,,
2010-02-27,9971718.966385936,9971359.461145615,10533215.86644539,0.0,85321.77573986899,5.0,0.0,40199.3536698,-12.0,0.0,9725.2602831,-52.0,0.0,135246.38969276898,134746.38969276898,85821.77573986899,0,0.02479201395488698,0.024387055552096002,39699.3536698,0,-0.011378326526234571,-0.011780602191539818,9225.2602831,0,-0.019945810979302637,-0.020349800141498498
2010-02-28,9969235.189697348,9969235.189697348,9969235.189697348,0.0,85802.588149793,0.0,0.0,40064.6912848,0.0,0.0,9840.5855409,0.0,0.0,135707.864975493,135707.864975493,85802.588149793,,,,40064.6912848,,,,9840.5855409,,,
2010-03-01,9969235.189697348,9969235.189697348,9969235.189697348,0.0,85413.0113457,0.0,0.0,40173.288115899995,0.0,0.0,9969.799270099998,0.0,0.0,135556.09873169998,135556.09873169998,85413.0113457,OPEN_LONG,,,40173.288115899995,OPEN_SHORT,,,9969.799270099998,OPEN_SHORT,,
2010-03-04,9956670.061843075,9956586.149163285,10510728.62864111,0.0,85084.16655581299,5.0,0.0,40581.8860786,-12.0,0.0,10050.9544211,-49.0,0.0,135717.00705551298,135217.00705551298,85584.16655581299,,,,40081.8860786,,,,9550.9544211,,,
2010-03-05,9955570.938469034,9955570.550509553,10510728.62864111,0.0,84628.899301085,5.0,0.0,40731.2124032,-12.0,0.0,9990.359955900001,-49.0,0.0,135350.471660185,134850.471660185,85128.899301085,,,,40231.2124032,,,,9490.359955900001,,,
2010-03-06,9963507.43223259,9963507.2574527,10510728.62864111,0.0,86022.008424796,5.0,0.0,40319.055663299994,-12.0,0.0,10071.481032099999,-49.0,0.0,136412.545120196,135912.545120196,86522.008424796,,,,39819.055663299994,,,,9571.481032099999,,,
2010-03-07,9954364.419323979,9954364.158798035,10510728.62864111,0.0,86796.495476034,5.0,0.0,40670.467225099994,-12.0,0.0,10251.042448900002,-49.0,0.0,137718.005150034,137218.005150034,87296.495476034,,,,40170.467225099994,,,,9751.042448900002,,,
2010-03-08,9956881.28116779,9956881.019062925,10510728.62864111,0.0,86696.75606247601,5.0,0.0,40598.7503359,-12.0,0.0,10207.0637501,-49.0,0.0,137502.570148476,137002.570148476,87196.75606247601,,,,40098.7503359,,,,9707.0637501,,,
2010-03-11,9941245.61110849,9941245.34897918,10510728.62864111,0.0,85429.08078397598,5.0,0.0,40722.7752693,-12.0,0.0,10366.430984099998,-49.0,0.0,136518.28703737597,136018.28703737597,85929.08078397598,0,0.00018730928710335913,-0.0002127281747540615,40222.7752693,0,-0.013048283874435938,-0.013450893531210822,9866.430984099998,0,-0.039783319929972964,-0.04019127659395896
2010-03-12,9938868.903694475,9938868.903694475,9938868.903694475,0.0,84357.82523814,0.0,0.0,40514.1695869,0.0,0.0,10284.823975,0.0,0.0,135156.81880004,135156.81880004,84357.82523814,OPEN_LONG,,,40514.1695869,OPEN_SHORT,,,10284.823975,OPEN_SHORT,,
2010-03-13,9934548.361373665,9934548.257714035,10494573.494887035,0.0,84785.70604436599,5.0,0.0,40551.965425,-12.0,0.0,10361.0433049,-48.0,0.0,135698.714774266,135198.714774266,85285.70604436599,,,,40051.965425,,,,9861.0433049,,,
2010-03-14,9928619.546396205,9928619.427951049,10494573.494887035,0.0,86391.442023114,5.0,0.0,41281.8804012,-12.0,0.0,10469.345704,-48.0,0.0,138142.668128314,137642.668128314,86891.442023114,,,,40781.8804012,,,,9969.345704,,,
2010-03-15,9927023.797785271,9927023.599339955,10494573.494887035,0.0,84428.978355087,5.0,0.0,41179.10974150001,-12.0,0.0,10323.8598329,-48.0,0.0,135931.947929487,135431.947929487,84928.978355087,,,,40679.10974150001,,,,9823.8598329,,,
2010-03-18,9925761.02510466,9925760.819344066,10494573.494887035,0.0,83850.52399000501,5.0,0.0,41090.2834781,-12.0,0.0,10312.1184999,-48.0,0.0,135252.925968005,134752.925968005,84350.52399000501,,,,40590.2834781,,,,9812.1184999,,,
2010-03-19,9935122.931999115,9935122.567763776,10494573.494887035,0.0,83200.550342496,5.0,0.0,41097.2210407,-12.0,0.0,10047.638794,-48.0,0.0,134345.410177196,133845.410177196,83700.550342496,0,-0.013718089144198312,-0.014115345526369472,40597.2210407,0,-0.01439129716208042,-0.014794175421512836,9547.638794,0,0.02306166654641252,0.0226662788797218
2010-03-20,9932775.89731294,9932775.89731294,9932775.89731294,0.0,83855.390321258,0.0,0.0,41448.0243238,0.0,0.0,10051.985626099999,0.0,0.0,135355.400271158,135355.400271158,83855.390321258,,,,41448.0243238,,,,10051.985626099999,,,
2010-03-21,9932775.89731294,9932775.89731294,9932775.89731294,0.0,85623.846718664,0.0,0.0,41981.5297553,0.0,0.0,10145.761962,0.0,0.0,137751.138435964,137751.138435964,85623.846718664,,,,41981.5297553,,,,10145.761962,,,
2010-03-22,9932775.89731294,9932775.89731294,9932775.89731294,0.0,86246.10102649803,0.0,0.0,41501.7034613,0.0,0.0,10269.334961,0.0,0.0,138017.13944879803,138017.13944879803,86246.10102649803,,,,41501.7034613,,,,10269.334961,,,
2010-03-25,9932775.89731294,9932775.89731294,9932775.89731294,0.0,86246.05513157701,0.0,0.0,37539.7034613,0.0,0.0,10393.724414,0.0,0.0,134179.483006877,134179.483006877,86246.05513157701,,,,37539.7034613,,,,10393.724414,,,
2010-03-28,9932775.89731294,9932775.89731294,9932775.89731294,0.0,85692.10280177201,0.0,0.0,40728.1611032,0.0,0.0,10502.494583099999,0.0,0.0,136922.758488072,136922.758488072,85692.10280177201,,,,40728.1611032,,,,10502.494583099999,,,
2010-03-29,9932775.89731294,9932775.89731294,9932775.89731294,0.0,85995.68316810399,0.0,0.0,41017.038452400004,0.0,0.0,10452.845825,0.0,0.0,137465.56744550398,137465.56744550398,85995.68316810399,,,,41017.038452400004,,,,10452.845825,,,
2010-04-03,9932775.89731294,9932775.89731294,9932775.89731294,0.0,86523.612003391,0.0,0.0,40934.8752148,0.0,0.0,10277.039215099998,0.0,0.0,137735.526433291,137735.526433291,86523.612003391,,,,40934.8752148,,,,10277.039215099998,,,
2010-04-04,9932775.89731294,9932775.89731294,9932775.89731294,0.0,86201.92691773201,0.0,0.0,40103.826845300006,0.0,0.0,10097.660887999999,0.0,0.0,136403.414651032,136403.414651032,86201.92691773201,,,,40103.826845300006,,,,10097.660887999999,,,
2010-04-05,9932775.89731294,9932775.89731294,9932775.89731294,0.0,85470.952209975,0.0,0.0,39354.335694400004,0.0,0.0,9904.5893249,0.0,0.0,134729.877229275,134729.877229275,85470.952209975,,,,39354.335694400004,,,,9904.5893249,,,
2010-04-08,9932775.89731294,9932775.89731294,9932775.89731294,0.0,86893.369965782,0.0,0.0,39771.76532,0.0,0.0,10085.2397771,0.0,0.0,136750.375062882,136750.375062882,86893.369965782,OPEN_LONG,,,39771.76532,OPEN_SHORT,,,10085.2397771,OPEN_SHORT,,
2010-04-09,9925515.775773132,9925515.337302892,10467402.49856555,0.0,86159.29109597599,5.0,0.0,39937.7472246,-12.0,0.0,10070.004317900002,-49.0,0.0,136167.042638476,135667.042638476,86659.29109597599,0,-0.008451341952075437,-0.008849651683685022,39437.7472246,0,-0.004173360253549962,-0.004574194925600673,9570.004317900002,0,0.0015106690110225978,0.0011109711448248024
2010-04-10,9923172.900512304,9923172.900512304,9923172.900512304,0.0,86318.62561036799,0.0,0.0,40165.519593699995,0.0,0.0,9935.9582209,0.0,0.0,136420.10342496797,136420.10342496797,86318.62561036799,,,,40165.519593699995,,,,9935.9582209,,,
2010-04-11,9923172.900512304,9923172.900512304,9923172.900512304,0.0,87000.386779533,0.0,0.0,40522.4213276,0.0,0.0,10029.770064900002,0.0,0.0,137552.578172033,137552.578172033,87000.386779533,,,,40522.4213276,,,,10029.770064900002,,,
2010-04-12,9923172.900512304,9923172.900512304,9923172.900512304,0.0,84911.203019729,0.0,0.0,39916.37805190001,0.0,0.0,9898.980713,0.0,0.0,134726.561784629,134726.561784629,84911.203019729,,,,39916.37805190001,,,,9898.980713,,,
2010-04-15,9923172.900512304,9923172.900512304,9923172.900512304,0.0,84414.604862326,0.0,0.0,39473.8855711,0.0,0.0,9778.932013,0.0,0.0,133667.422446426,133667.422446426,84414.604862326,,,,39473.8855711,,,,9778.932013,,,
2010-04-18,9923172.900512304,9923172.900512304,9923172.900512304,0.0,85482.952682103,0.0,0.0,39915.9895343,0.0,0.0,9814.571460900002,0.0,0.0,135213.513677303,135213.513677303,85482.952682103,,,,39915.9895343,,,,9814.571460900002,,,
2010-04-19,9923172.900512304,9923172.900512304,9923172.900512304,0.0,86158.877228975,0.0,0.0,39708.85018519999,0.0,0.0,9803.605213900002,0.0,0.0,135671.332628075,135671.332628075,86158.877228975,,,,39708.85018519999,,,,9803.605213900002,,,
2010-04-22,9923172.900512304,9923172.900512304,9923172.900512304,0.0,85603.18732748,0.0,0.0,35719.7499989,0.0,0.0,9817.384252099999,0.0,0.0,131140.32157848,131140.32157848,85603.18732748,,,,35719.7499989,,,,9817.384252099999,,,
2010-04-23,9923172.900512304,9923172.900512304,9923172.900512304,0.0,86608.24652094401,0.0,0.0,39840.8360588,0.0,0.0,9823.3365039,0.0,0.0,136272.41908364402,136272.41908364402,86608.24652094401,,,,39840.8360588,,,,9823.3365039,,,
2010-04-24,9923172.900512304,9923172.900512304,9923172.900512304,0.0,86454.679609959,0.0,0.0,39951.799761400005,0.0,0.0,9741.3639861,0.0,0.0,136147.843357459,136147.843357459,86454.679609959,,,,39951.799761400005,,,,9741.3639861,,,
2010-04-25,9923172.900512304,9923172.900512304,9923172.900512304,0.0,85415.756111157,0.0,0.0,39453.9686538,0.0,0.0,9577.779561,0.0,0.0,134447.504325957,134447.504325957,85415.756111157,,,,39453.9686538,,,,9577.779561,,,
2010-04-26,9923172.900512304,9923172.900512304,9923172.900512304,0.0,84941.76895838299,0.0,0.0,39049.048228,0.0,0.0,9339.9252519,0.0,0.0,133330.742438283,133330.742438283,84941.76895838299,,,,39049.048228,,,,9339.9252519,,,
2010-04-29,9923172.900512304,9923172.900512304,9923172.900512304,0.0,84740.038555856,0.0,0.0,35094.705658299994,0.0,0.0,9215.319276,0.0,0.0,129050.06349015598,129050.06349015598,84740.038555856,,,,35094.705658299994,,,,9215.319276,,,
2010-04-30,9923172.900512304,9923172.900512304,9923172.900512304,0.0,84415.55554680199,0.0,0.0,38988.766086100004,0.0,0.0,9260.258745,0.0,0.0,132664.580377902,132664.580377902,84415.55554680199,,,,38988.766086100004,,,,9260.258745,,,
2010-05-01,9923172.900512304,9923172.900512304,9923172.900512304,0.0,84961.212023693,0.0,0.0,39435.6734313,0.0,0.0,9399.083762100001,0.0,0.0,133795.969217093,133795.969217093,84961.212023693,,,,39435.6734313,,,,9399.083762100001,,,
2010-05-02,9923172.900512304,9923172.900512304,9923172.900512304,0.0,81068.32561057902,0.0,0.0,37692.592273199996,0.0,0.0,8762.330208899999,0.0,0.0,127523.24809267902,127523.24809267902,81068.32561057902,,,,37692.592273199996,,,,8762.330208899999,,,
2010-05-03,9923172.900512304,9923172.900512304,9923172.900512304,0.0,78875.24836714899,0.0,0.0,37293.6356847,0.0,0.0,8517.301532000001,0.0,0.0,124686.18558384899,124686.18558384899,78875.24836714899,,,,37293.6356847,,,,8517.301532000001,,,
2010-05-06,9923172.900512304,9923172.900512304,9923172.900512304,0.0,79295.941660914,0.0,0.0,33974.3031613,0.0,0.0,8538.6275329,0.0,0.0,121808.872355114,121808.872355114,79295.941660914,,,,33974.3031613,,,,8538.6275329,,,
2010-05-07,9923172.900512304,9923172.900512304,9923172.900512304,0.0,80425.075598467,0.0,0.0,37970.42621899999,0.0,0.0,8715.785301,0.0,0.0,127111.28711846698,127111.28711846698,80425.075598467,,,,37970.42621899999,,,,8715.785301,,,
2010-05-08,9923172.900512304,9923172.900512304,9923172.900512304,0.0,81207.310153585,0.0,0.0,38183.4174085,0.0,0.0,8902.83954,0.0,0.0,128293.567102085,128293.567102085,81207.310153585,,,,38183.4174085,,,,8902.83954,,,
2010-05-09,9923172.900512304,9923172.900512304,9923172.900512304,0.0,80437.953240207,0.0,0.0,37921.856856599996,0.0,0.0,8756.9401146,0.0,0.0,127116.750211407,127116.750211407,80437.953240207,,,,37921.856856599996,,,,8756.9401146,,,
2010-05-10,9923172.900512304,9923172.900512304,9923172.900512304,0.0,83069.63366717701,0.0,0.0,38184.7018867,0.0,0.0,8973.362769899999,0.0,0.0,130227.698323777,130227.698323777,83069.63366717701,,,,38184.7018867,,,,8973.362769899999,,,
2010-05-13,9923172.900512304,9923172.900512304,9923172.900512304,0.0,79935.24173510101,0.0,0.0,37279.344498,0.0,0.0,8595.0663486,0.0,0.0,125809.652581701,125809.652581701,79935.24173510101,,,,37279.344498,,,,8595.0663486,,,
2010-05-14,9923172.900512304,9923172.900512304,9923172.900512304,0.0,78806.766096798,0.0,0.0,36605.2627163,0.0,0.0,8345.1029373,0.0,0.0,123757.13175039801,123757.13175039801,78806.766096798,,,,36605.2627163,,,,8345.1029373,,,
2010-05-17,9923172.900512304,9923172.900512304,9923172.900512304,0.0,79168.17228098601,0.0,0.0,36059.7777081,0.0,0.0,8465.1935724,0.0,0.0,123693.14356148601,123693.14356148601,79168.17228098601,,,,36059.7777081,,,,8465.1935724,,,
2010-05-20,9923172.900512304,9923172.900512304,9923172.900512304,0.0,78978.581413416,0.0,0.0,35153.6364132,0.0,0.0,8111.0322504000005,0.0,0.0,122243.25007701601,122243.25007701601,78978.581413416,,,,35153.6364132,,,,8111.0322504000005,,,
2010-05-21,9923172.900512304,9923172.900512304,9923172.900512304,0.0,79486.693509326,0.0,0.0,35765.1956463,0.0,0.0,8187.6330056,0.0,0.0,123439.52216122599,123439.52216122599,79486.693509326,,,,35765.1956463,,,,8187.6330056,,,
2010-05-22,9923172.900512304,9923172.900512304,9923172.900512304,0.0,75361.499389951,0.0,0.0,34394.3794928,0.0,0.0,7955.837643100001,0.0,0.0,117711.716525851,117711.716525851,75361.499389951,,,,34394.3794928,,,,7955.837643100001,,,
2010-05-23,9923172.900512304,9923172.900512304,9923172.900512304,0.0,76523.014013804,0.0,0.0,35067.2478636,0.0,0.0,8156.6983685000005,0.0,0.0,119746.960245904,119746.960245904,76523.014013804,OPEN_LONG,,,35067.2478636,OPEN_SHORT,,,8156.6983685000005,OPEN_SHORT,,
2010-05-24,9929876.552554898,9913399.137819868,10404514.492277883,0.0,80495.47153486901,6.0,0.0,33843.8315953,-14.0,0.0,8063.2854433,-60.0,0.0,122402.58857346901,121902.58857346901,80995.47153486901,0,-0.015202932512195153,-0.015599891925692716,33343.8315953,0,0.0072189201797638065,0.00682036396379976,7563.2854433,0,0.01140557867626126,0.011007859791996512
2010-05-27,9919946.558417473,9919946.558417473,9919946.558417473,0.0,80688.89567725599,0.0,0.0,34110.533272999994,0.0,0.0,8056.1287558,0.0,0.0,122855.55770605599,122855.55770605599,80688.89567725599,,,,34110.533272999994,,,,8056.1287558,,,
2010-05-28,9919946.558417473,9919946.558417473,9919946.558417473,0.0,78906.30303455601,0.0,0.0,33657.1496843,0.0,0.0,8134.432465600001,0.0,0.0,120697.88518445601,120697.88518445601,78906.30303455601,,,,33657.1496843,,,,8134.432465600001,,,
2010-05-29,9919946.558417473,9919946.558417473,9919946.558417473,0.0,80974.94115844,0.0,0.0,33239.492137099995,0.0,0.0,8069.7281958,0.0,0.0,122284.16149133998,122284.16149133998,80974.94115844,,,,33239.492137099995,,,,8069.7281958,,,
2010-05-30,9919946.558417473,9919946.558417473,9919946.558417473,0.0,79858.881879507,0.0,0.0,32953.374970799996,0.0,0.0,8070.261709299999,0.0,0.0,120882.518559607,120882.518559607,79858.881879507,,,,32953.374970799996,,,,8070.261709299999,,,
2010-05-31,9919946.558417473,9919946.558417473,9919946.558417473,0.0,85215.452598687,0.0,0.0,33637.011932500005,0.0,0.0,8225.389363999999,0.0,0.0,127077.853895187,127077.853895187,85215.452598687,,,,33637.011932500005,,,,8225.389363999999,,,
2010-06-03,9919946.558417473,9919946.558417473,9919946.558417473,0.0,84468.87740877399,0.0,0.0,33862.6942995,0.0,0.0,7986.3630817,0.0,0.0,126317.93478997398,126317.93478997398,84468.87740877399,,,,33862.6942995,,,,7986.3630817,,,
2010-06-04,9919946.558417473,9919946.558417473,9919946.558417473,0.0,84395.21790458,0.0,0.0,33796.3921921,0.0,0.0,7958.1825646,0.0,0.0,126149.79266128,126149.79266128,84395.21790458,,,,33796.3921921,,,,7958.1825646,,,
2010-06-05,9919946.558417473,9919946.558417473,9919946.558417473,0.0,84468.11095567301,0.0,0.0,34672.7949181,0.0,0.0,8079.718554,0.0,0.0,127220.62442777301,127220.62442777301,84468.11095567301,,,,34672.7949181,,,,8079.718554,,,
2010-06-06,9919946.558417473,9919946.558417473,9919946.558417473,0.0,86469.666518254,0.0,0.0,34393.018905100005,0.0,0.0,8009.778412199999,0.0,0.0,128872.46383555401,128872.46383555401,86469.666518254,,,,34393.018905100005,,,,8009.778412199999,,,
2010-06-07,9919946.558417473,9919946.558417473,9919946.558417473,0.0,84791.211746695,0.0,0.0,34406.9528737,0.0,0.0,7905.610762599999,0.0,0.0,127103.775382995,127103.775382995,84791.211746695,,,,34406.9528737,,,,7905.610762599999,,,
2010-06-10,9919946.558417473,9919946.558417473,9919946.558417473,0.0,84901.86245972,0.0,0.0,34763.1991859,0.0,0.0,7936.677004900001,0.0,0.0,127601.73865052,127601.73865052,84901.86245972,,,,34763.1991859,,,,7936.677004900001,,,
2010-06-11,9919946.558417473,9919946.558417473,9919946.558417473,0.0,82940.06869476502,0.0,0.0,35216.9412207,0.0,0.0,7973.0796054,0.0,0.0,126130.08952086502,126130.08952086502,82940.06869476502,,,,35216.9412207,,,,7973.0796054,,,
2010-06-12,9919946.558417473,9919946.558417473,9919946.558417473,0.0,82191.16085158699,0.0,0.0,36034.1382209,0.0,0.0,8256.554529699999,0.0,0.0,126481.85360218698,126481.85360218698,82191.16085158699,,,,36034.1382209,,,,8256.554529699999,,,
2010-06-13,9919946.558417473,9919946.558417473,9919946.558417473,0.0,83402.640264165,0.0,0.0,36788.8100422,0.0,0.0,8472.585441199999,0.0,0.0,128664.03574756501,128664.03574756501,83402.640264165,,,,36788.8100422,,,,8472.585441199999,,,
2010-06-14,9919946.558417473,9919946.558417473,9919946.558417473,0.0,81559.57897621601,0.0,0.0,36172.5787803,0.0,0.0,8368.712884999999,0.0,0.0,126100.87064151601,126100.87064151601,81559.57897621601,,,,36172.5787803,,,,8368.712884999999,,,
2010-06-17,9919946.558417473,9919946.558417473,9919946.558417473,0.0,82034.84751332001,0.0,0.0,36268.6067017,0.0,0.0,8651.2369228,0.0,0.0,126954.69113782002,126954.69113782002,82034.84751332001,,,,36268.6067017,,,,8651.2369228,,,
2010-06-18,9919946.558417473,9919946.558417473,9919946.558417473,0.0,85435.50051431698,0.0,0.0,36413.4991471,0.0,0.0,8818.9936336,0.0,0.0,130667.99329501699,130667.99329501699,85435.50051431698,,,,36413.4991471,,,,8818.9936336,,,
2010-06-19,9919946.558417473,9919946.558417473,9919946.558417473,0.0,85303.665821789,0.0,0.0,36471.4909237,0.0,0.0,8637.7550098,0.0,0.0,130412.91175528901,130412.91175528901,85303.665821789,,,,36471.4909237,,,,8637.7550098,,,
2010-06-20,9919946.558417473,9919946.558417473,9919946.558417473,0.0,85240.796146656,0.0,0.0,36158.8463989,0.0,0.0,8497.9237683,0.0,0.0,129897.56631385599,129897.56631385599,85240.796146656,,,,36158.8463989,,,,8497.9237683,,,
2010-06-21,9919946.558417473,9919946.558417473,9919946.558417473,0.0,86282.15329486498,0.0,0.0,35945.001632600004,0.0,0.0,8534.876707,0.0,0.0,130762.03163446499,130762.03163446499,86282.15329486498,,,,35945.001632600004,,,,8534.876707,,,
2010-06-24,9919946.558417473,9919946.558417473,9919946.558417473,0.0,85127.96369450801,0.0,0.0,35450.5026752,0.0,0.0,8240.599855499999,0.0,0.0,128819.06622520801,128819.06622520801,85127.96369450801,,,,35450.5026752,,,,8240.599855499999,,,
2010-06-25,9919946.558417473,9919946.558417473,9919946.558417473,0.0,84490.58453503,0.0,0.0,35308.1297686,0.0,0.0,8323.7306569,0.0,0.0,128122.44496052999,128122.44496052999,84490.58453503,,,,35308.1297686,,,,8323.7306569,,,
2010-06-26,9919946.558417473,9919946.558417473,9919946.558417473,0.0,83994.234366012,0.0,0.0,35088.9298263,0.0,0.0,8224.2543155,0.0,0.0,127307.41850781199,127307.41850781199,83994.234366012,,,,35088.9298263,,,,8224.2543155,,,
2010-06-27,9919946.558417473,9919946.558417473,9919946.558417473,0.0,82458.500030239,0.0,0.0,34638.8396294,0.0,0.0,7989.3343921,0.0,0.0,125086.674051739,125086.674051739,82458.500030239,,,,34638.8396294,,,,7989.3343921,,,
2010-06-28,9919946.558417473,9919946.558417473,9919946.558417473,0.0,80728.781250624,0.0,0.0,34093.049210000005,0.0,0.0,7680.9251497000005,0.0,0.0,122502.755610324,122502.755610324,80728.781250624,,,,34093.049210000005,,,,7680.9251497000005,,,
2010-07-01,9919946.558417473,9919946.558417473,9919946.558417473,0.0,81963.918600276,0.0,0.0,34140.6595455,0.0,0.0,7590.9157785,0.0,0.0,123695.493924276,123695.493924276,81963.918600276,,,,34140.6595455,,,,7590.9157785,,,
2010-07-02,9919946.558417473,9919946.558417473,9919946.558417473,0.0,82522.49610605498,0.0,0.0,34543.6442003,0.0,0.0,7558.4588284,0.0,0.0,124624.59913475499,124624.59913475499,82522.49610605498,,,,34543.6442003,,,,7558.4588284,,,
2010-07-03,9919946.558417473,9919946.558417473,9919946.558417473,0.0,83349.331178606,0.0,0.0,35366.805156,0.0,0.0,7773.4276537000005,0.0,0.0,126489.56398830599,126489.56398830599,83349.331178606,,,,35366.805156,,,,7773.4276537000005,,,
2010-07-04,9919946.558417473,9919946.558417473,9919946.558417473,0.0,83530.563349021,0.0,0.0,35867.3678711,0.0,0.0,7873.2191289,0.0,0.0,127271.15034902102,127271.15034902102,83530.563349021,,,,35867.3678711,,,,7873.2191289,,,
2010-07-05,9919946.558417473,9919946.558417473,9919946.558417473,0.0,84610.370529236,0.0,0.0,36106.2447467,0.0,0.0,8060.606845200001,0.0,0.0,128777.222121136,128777.222121136,84610.370529236,,,,36106.2447467,,,,8060.606845200001,,,
2010-07-08,9919946.558417473,9919946.558417473,9919946.558417473,0.0,84125.46295409901,0.0,0.0,35801.027371,0.0,0.0,8200.7315997,0.0,0.0,128127.221924799,128127.221924799,84125.46295409901,,,,35801.027371,,,,8200.7315997,,,
2010-07-09,9919946.558417473,9919946.558417473,9919946.558417473,0.0,82705.964710735,0.0,0.0,34970.430258500004,0.0,0.0,8010.967048800001,0.0,0.0,125687.362018035,125687.362018035,82705.964710735,,,,34970.430258500004,,,,8010.967048800001,,,
2010-07-10,9919946.558417473,9919946.558417473,9919946.558417473,0.0,84425.893840426,0.0,0.0,34978.4604377,0.0,0.0,8158.6102538,0.0,0.0,127562.964531926,127562.964531926,84425.893840426,,,,34978.4604377,,,,8158.6102538,,,
2010-07-11,9919946.558417473,9919946.558417473,9919946.558417473,0.0,85330.934633832,0.0,0.0,36027.1706437,0.0,0.0,8434.0254721,0.0,0.0,129792.130749632,129792.130749632,85330.934633832,,,,36027.1706437,,,,8434.0254721,,,
2010-07-12,9919946.558417473,9919946.558417473,9919946.558417473,0.0,82698.302109347,0.0,0.0,35171.0415714,0.0,0.0,8088.641840799999,0.0,0.0,125957.985521547,125957.985521547,82698.302109347,,,,35171.0415714,,,,8088.641840799999,,,
2010-07-15,9919946.558417473,9919946.558417473,9919946.558417473,0.0,82419.77620025801,0.0,0.0,34794.378555999996,0.0,0.0,8059.6700532,0.0,0.0,125273.824809458,125273.824809458,82419.77620025801,,,,34794.378555999996,,,,8059.6700532,,,
2010-07-16,9919946.558417473,9919946.558417473,9919946.558417473,0.0,82526.81211640101,0.0,0.0,34637.545230799995,0.0,0.0,8099.3619358,0.0,0.0,125263.719283001,125263.719283001,82526.81211640101,,,,34637.545230799995,,,,8099.3619358,,,
2010-07-18,9919946.558417473,9919946.558417473,9919946.558417473,0.0,85069.16886458898,0.0,0.0,35296.391066899996,0.0,0.0,8180.841611000001,0.0,0.0,128546.40154248898,128546.40154248898,85069.16886458898,,,,35296.391066899996,,,,8180.841611000001,,,
2010-07-19,9919946.558417473,9919946.558417473,9919946.558417473,0.0,85197.86332751502,0.0,0.0,35498.4422841,0.0,0.0,8264.1920739,0.0,0.0,128960.49768551503,128960.49768551503,85197.86332751502,,,,35498.4422841,,,,8264.1920739,,,
2010-07-22,9919946.558417473,9919946.558417473,9919946.558417473,0.0,86212.09739896601,0.0,0.0,36179.231892799995,0.0,0.0,8512.972745,0.0,0.0,130904.30203676599,130904.30203676599,86212.09739896601,,,,36179.231892799995,,,,8512.972745,,,
2010-07-23,9919946.558417473,9919946.558417473,9919946.558417473,0.0,86755.83723211999,0.0,0.0,36549.709210600005,0.0,0.0,8569.1446109,0.0,0.0,131874.69105362,131874.69105362,86755.83723211999,,,,36549.709210600005,,,,8569.1446109,,,
2010-07-24,9919946.558417473,9919946.558417473,9919946.558417473,0.0,86656.497779149,0.0,0.0,36280.65454910001,0.0,0.0,8543.471944100002,0.0,0.0,131480.624272349,131480.624272349,86656.497779149,,,,36280.65454910001,,,,8543.471944100002,,,
2010-07-25,9919946.558417473,9919946.558417473,9919946.558417473,0.0,86717.363255688,0.0,0.0,36702.881279299996,0.0,0.0,8566.1537391,0.0,0.0,131986.398274088,131986.398274088,86717.363255688,,,,36702.881279299996,,,,8566.1537391,,,
2010-07-26,9919946.558417473,9919946.558417473,9919946.558417473,0.0,87309.669430943,0.0,0.0,36079.594852,0.0,0.0,8466.041716900001,0.0,0.0,131855.305999843,131855.305999843,87309.669430943,,,,36079.594852,,,,8466.041716900001,,,
2010-07-29,9919946.558417473,9919946.558417473,9919946.558417473,0.0,86895.825195222,0.0,0.0,36407.6674136,0.0,0.0,8458.6865038,0.0,0.0,131762.179112622,131762.179112622,86895.825195222,,,,36407.6674136,,,,8458.6865038,,,
2010-07-30,9919946.558417473,9919946.558417473,9919946.558417473,0.0,87866.327043012,0.0,0.0,36590.078832,0.0,0.0,8583.5205511,0.0,0.0,133039.926426112,133039.926426112,87866.327043012,,,,36590.078832,,,,8583.5205511,,,
2010-07-31,9919946.558417473,9919946.558417473,9919946.558417473,0.0,89945.00164706,0.0,0.0,37601.6566846,0.0,0.0,8668.205969999999,0.0,0.0,136214.86430165998,136214.86430165998,89945.00164706,,,,37601.6566846,,,,8668.205969999999,,,
2010-08-01,9919946.558417473,9919946.558417473,9919946.558417473,0.0,89028.63758692802,0.0,0.0,37305.2505598,0.0,0.0,8662.392459899998,0.0,0.0,134996.28060662802,134996.28060662802,89028.63758692802,,,,37305.2505598,,,,8662.392459899998,,,
